long_axis_nm,step_nm,n_dipoles,aspect_ratio,theoretical_freq_kHz,simulation_freq_kHz,relative_difference_pct,case
25.0,1.0,3115,2.0,9775.2433588761,9821.555124142753,0.4737658548889175,case_00
28.94736842105263,1.1578947368421053,3115,2.0,8442.255628120267,8482.685377788765,0.4788974824907026,case_01
32.89473684210526,1.3157894736842104,3115,2.0,7429.184952745834,7465.235055582269,0.4852497691972386,case_02
36.84210526315789,1.4736842105263157,3115,2.0,6633.200850665924,6665.841681605647,0.4920826562404792,case_03
40.78947368421053,1.631578947368421,3115,2.0,5991.2781876982535,6021.216410166644,0.4996967513520216,case_04
44.73684210526316,1.7894736842105263,3115,2.0,5462.635994666054,5490.3972427509725,0.5082024156840332,case_05
48.68421052631579,1.9473684210526316,3115,2.0,5019.719562666104,5045.695058939759,0.5174690727116813,case_06
52.631578947368425,2.105263157894737,3115,2.0,4643.240595466145,4667.737706302541,0.5275865062929375,case_07
56.578947368421055,2.263157894736842,3115,2.0,4319.29357717781,4342.542581957307,0.5382594251601655,case_08
60.526315789473685,2.421052631578948,3115,2.0,4037.600517796649,4059.800180524228,0.5498231593177391,case_09
64.47368421052632,2.5789473684210527,3115,2.0,3790.400486094813,3811.7167997814367,0.5623762914980535,case_10
68.42105263157895,2.736842105263158,3115,2.0,3571.7235349739585,3592.2856006891902,0.5756902938844518,case_11
72.36842105263158,2.894736842105263,3115,2.0,3376.902251248106,3396.8176927525656,0.5897547522170284,case_12
76.3157894736842,3.052631578947368,3115,2.0,3202.234893424928,3221.597500986779,0.6046591897929808,case_13
80.26315789473685,3.210526315789474,3115,2.0,3044.7479314532097,3063.6300712492425,0.6201544502575832,case_14
84.21052631578948,3.368421052631579,3115,2.0,2902.025372166341,2920.5005330369827,0.6366298877962575,case_15
88.15789473684211,3.5263157894736845,3115,2.0,2772.083937591728,2790.209269086354,0.6538521885586441,case_16
92.10526315789474,3.684210526315789,3115,2.0,2653.2803402663694,2671.104396262538,0.6717743212305746,case_17
96.05263157894736,3.842105263157895,3115,2.0,2544.241422173231,2561.814822550574,0.6907127690080592,case_18
100.0,4.0,3115,2.0,2443.810839719025,2461.1725498057426,0.7104359226393263,case_19
25.0,0.4166666666666667,10591,4.0,13866.58375361081,13912.22347440752,0.3291345698959549,case_20
28.94736842105263,0.4824561403508772,10591,4.0,11975.685969027518,12015.210972429888,0.3300437528555186,case_21
32.89473684210526,0.5482456140350876,10591,4.0,10538.603652744216,10573.437024798612,0.3305311899202655,case_22
36.84210526315789,0.6140350877192982,10591,4.0,9409.467547093049,9440.675356083735,0.3316639207744485,case_23
40.78947368421053,0.6798245614035088,10591,4.0,8498.873913503401,8527.161706161587,0.3328416558014938,case_24
44.73684210526316,0.7456140350877193,10591,4.0,7748.973274076628,7774.807751367553,0.3333922621381528,case_25
48.68421052631579,0.8114035087719298,10591,4.0,7120.678143746093,7144.510731317081,0.3346954754852874,case_26
52.631578947368425,0.8771929824561404,10591,4.0,6586.627282965133,6608.747799741681,0.335839813401273,case_27
56.578947368421055,0.9429824561403508,10591,4.0,6127.095146944312,6147.754292762488,0.3371768402924114,case_28
60.526315789473685,1.0087719298245614,10591,4.0,5727.501985187074,5746.89647736243,0.338620435671886,case_29
64.47368421052632,1.0745614035087718,10591,4.0,5376.838598338884,5395.12121392717,0.3400253746492227,case_30
68.42105263157895,1.1403508771929824,10591,4.0,5066.636371511643,5083.924677389943,0.341218603638255,case_31
72.36842105263158,1.2061403508771928,10591,4.0,4790.274387611007,4806.733785472356,0.3436003145021718,case_32
76.3157894736842,1.2719298245614037,10591,4.0,4542.5015744587145,4558.173024007551,0.3449960179860632,case_33
80.26315789473685,1.337719298245614,10591,4.0,4319.099857682055,4334.084925774052,0.3469488686478124,case_34
84.21052631578948,1.4035087719298247,10591,4.0,4116.642051853209,4131.002646046205,0.3488424306050992,case_35
88.15789473684211,1.469298245614035,10591,4.0,3932.31479580008,3946.1020701417774,0.3506147156993716,case_36
92.10526315789474,1.5350877192982455,10591,4.0,3763.78701883722,3777.0741016649663,0.353024301355151,case_37
96.05263157894736,1.600877192982456,10591,4.0,3609.110839980894,3621.930453360528,0.3552014318214048,case_38
100.0,1.6666666666666667,10591,4.0,3466.6459384027025,3479.0344277527133,0.3573624064913571,case_39
