orientation,rotation,long_axis_nm,step_nm,n_dipoles,aspect_ratio,stiffness_Nm_per_rad,simulation_frequency_kHz,case
X,Y,100.0,3.333333333333333,5365,2.0,4.275850671389748e-20,2453.0744656929423,case_X_or_Y_rot_L_100p000000_r2
X,Y,100.0,1.6666666666666667,10591,4.0,1.8277267503221876e-20,3479.1698725182578,case_X_or_Y_rot_L_100p000000_r4
X,Y,140.90108290852635,4.696702763617545,5365,2.0,1.2020811980627534e-19,1745.3420088710095,case_X_or_Y_rot_L_140p901083_r2
X,Y,140.90108290852635,2.3483513818087727,10591,4.0,5.1157860296386333e-20,2469.9624924375494,case_X_or_Y_rot_L_140p901083_r4
X,Y,181.8021658170527,6.060072193901757,5365,2.0,2.599720080644063e-19,1357.2664991951578,case_X_or_Y_rot_L_181p802166_r2
X,Y,181.8021658170527,3.0300360969508784,10591,4.0,1.0998405355660637e-19,1915.0813597209485,case_X_or_Y_rot_L_181p802166_r4
X,Y,222.70324872557907,7.423441624185969,5365,2.0,4.81981772673944e-19,1112.7520250345488,case_X_or_Y_rot_L_222p703249_r2
X,Y,222.70324872557907,3.711720812092985,10591,4.0,2.0239124482634291e-19,1564.225925382466,case_X_or_Y_rot_L_222p703249_r4
X,Y,263.6043316341054,8.78681105447018,5365,2.0,8.076325795629249e-19,944.9852414997237,case_X_or_Y_rot_L_263p604332_r2
X,Y,263.6043316341054,4.39340552723509,10591,4.0,3.3610821911695145e-19,1322.4468001679377,case_X_or_Y_rot_L_263p604332_r4
X,Y,304.5054145426318,10.150180484754394,5365,2.0,1.2600973800052842e-18,823.0267915897318,case_X_or_Y_rot_L_304p505415_r2
X,Y,304.5054145426318,5.075090242377197,10591,4.0,5.189829488957301e-19,1145.8004699443534,case_X_or_Y_rot_L_304p505415_r4
X,Y,345.40649745115815,11.513549915038604,5365,2.0,1.8645319288870927e-18,730.563755565706,case_X_or_Y_rot_L_345p406497_r2
X,Y,345.40649745115815,5.756774957519302,10591,4.0,7.590222024160304e-19,1011.1625644893682,case_X_or_Y_rot_L_345p406497_r4
X,Y,386.3075803596845,12.876919345322817,5365,2.0,2.6480044745782765e-18,658.1513081544163,case_X_or_Y_rot_L_386p307580_r2
X,Y,386.3075803596845,6.438459672661408,10591,4.0,1.0644226304248774e-18,905.19880935267,case_X_or_Y_rot_L_386p307580_r4
X,Y,427.2086632682109,14.240288775607029,5365,2.0,3.638992054093274e-18,599.9152376790707,case_X_or_Y_rot_L_427p208663_r2
X,Y,427.2086632682109,7.120144387803514,10591,4.0,1.443581132506053e-18,819.6727001681337,case_X_or_Y_rot_L_427p208663_r4
X,Y,468.1097461767372,15.60365820589124,5365,2.0,4.8662089506339056e-18,551.9829145549651,case_X_or_Y_rot_L_468p109746_r2
X,Y,468.1097461767372,7.80182910294562,10591,4.0,1.9050871913347345e-18,749.2180297767131,case_X_or_Y_rot_L_468p109746_r4
X,Y,509.01082908526354,16.96702763617545,5365,2.0,6.3565529286383425e-18,511.6732889825376,case_X_or_Y_rot_L_509p010829_r2
X,Y,509.01082908526354,8.483513818087726,10591,4.0,2.4576978460829917e-18,690.1868641991325,case_X_or_Y_rot_L_509p010829_r4
X,Y,549.9119119937899,18.330397066459664,5365,2.0,8.13143901786644e-18,477.03511984416656,case_X_or_Y_rot_L_549p911912_r2
X,Y,549.9119119937899,9.165198533229832,10591,4.0,3.110270811806221e-18,640.0092988094735,case_X_or_Y_rot_L_549p911912_r4
X,Y,590.8129949023163,19.69376649674388,5365,2.0,1.0201984411735784e-17,446.5979212890979,case_X_or_Y_rot_L_590p812995_r2
X,Y,590.8129949023163,9.846883248371938,10591,4.0,3.871583448464175e-18,596.8142918032028,case_X_or_Y_rot_L_590p812995_r4
X,Y,631.7140778108426,21.057135927028085,5365,2.0,1.2562021815708124e-17,419.20634796172527,case_X_or_Y_rot_L_631p714078_r2
X,Y,631.7140778108426,10.528567963514044,10591,4.0,4.750146216788566e-18,559.2063581459488,case_X_or_Y_rot_L_631p714078_r4
X,Y,672.615160719369,22.4205053573123,5365,2.0,1.517987822627807e-17,393.9281175540637,case_X_or_Y_rot_L_672p615161_r2
X,Y,672.615160719369,11.21025267865615,10591,4.0,5.7540093473005955e-18,526.1246516776782,case_X_or_Y_rot_L_672p615161_r4
X,Y,713.5162436278953,23.78387478759651,5365,2.0,1.798750354203037e-17,369.9774475970162,case_X_or_Y_rot_L_713p516244_r2
X,Y,713.5162436278953,11.891937393798257,10591,4.0,6.889980117001558e-18,496.7287794297466,case_X_or_Y_rot_L_713p516244_r4
X,Y,754.4173265364217,25.14724421788072,5365,2.0,2.0870612168430694e-17,346.6872942623671,case_X_or_Y_rot_L_754p417327_r2
X,Y,754.4173265364217,12.57362210894036,10591,4.0,8.163494598923577e-18,470.35841613916426,case_X_or_Y_rot_L_754p417327_r4
X,Y,795.3184094449481,26.510613648164934,5365,2.0,2.3658354489350712e-17,323.47382667619286,case_X_or_Y_rot_L_795p318409_r2
X,Y,795.3184094449481,13.255306824082467,10591,4.0,9.577866277358134e-18,446.47978078243233,case_X_or_Y_rot_L_795p318409_r4
X,Y,836.2194923534744,27.873983078449147,5365,2.0,2.611674506346317e-17,299.818395033251,case_X_or_Y_rot_L_836p219492_r2
X,Y,836.2194923534744,13.936991539224572,10591,4.0,1.1133109361206545e-17,424.6464722427015,case_X_or_Y_rot_L_836p219492_r4
X,Y,877.1205752620008,29.23735250873336,5365,2.0,2.794734773370072e-17,275.246319003856,case_X_or_Y_rot_L_877p120575_r2
X,Y,877.1205752620008,14.61867625436668,10591,4.0,1.2825426035076485e-17,404.4898734380852,case_X_or_Y_rot_L_877p120575_r4
X,Z,100.0,3.333333333333333,5365,2.0,4.352943232800696e-20,2475.089847920098,case_X_or_Z_rot_L_100p000000_r2
X,Z,100.0,1.6666666666666667,10591,4.0,1.8393717540996232e-20,3490.2357000005927,case_X_or_Z_rot_L_100p000000_r4
X,Z,140.90108290852635,4.696702763617545,5365,2.0,1.229104717704201e-19,1764.8511511629845,case_X_or_Z_rot_L_140p901083_r2
X,Z,140.90108290852635,2.3483513818087727,10591,4.0,5.162563555332283e-20,2481.2291696676743,case_X_or_Z_rot_L_140p901083_r4
X,Z,181.8021658170527,6.060072193901757,5365,2.0,2.6731757282537613e-19,1376.3078594864185,case_X_or_Z_rot_L_181p802166_r2
X,Z,181.8021658170527,3.0300360969508784,10591,4.0,1.1139173722627561e-19,1927.29793780201,case_X_or_Z_rot_L_181p802166_r4
X,Z,222.70324872557907,7.423441624185969,5365,2.0,4.98960316997413e-19,1132.1815919955516,case_X_or_Z_rot_L_222p703249_r2
X,Z,222.70324872557907,3.711720812092985,10591,4.0,2.058930226504464e-19,1577.7000289092498,case_X_or_Z_rot_L_222p703249_r4
X,Z,263.6043316341054,8.78681105447018,5365,2.0,8.425662687004184e-19,965.2062940066396,case_X_or_Z_rot_L_263p604332_r2
X,Z,263.6043316341054,4.39340552723509,10591,4.0,3.4370451102129773e-19,1337.30743707707,case_X_or_Z_rot_L_263p604332_r4
X,Z,304.5054145426318,10.150180484754394,5365,2.0,1.3258943394701105e-18,844.2408779882946,case_X_or_Z_rot_L_304p505415_r2
X,Z,304.5054145426318,5.075090242377197,10591,4.0,5.3385601908141315e-19,1162.1027346201258,case_X_or_Z_rot_L_304p505415_r4
X,Z,345.40649745115815,11.513549915038604,5365,2.0,1.9802052051055012e-18,752.8844179278735,case_X_or_Z_rot_L_345p406497_r2
X,Z,345.40649745115815,5.756774957519302,10591,4.0,7.859096452086934e-19,1028.9163114614394,case_X_or_Z_rot_L_345p406497_r4
X,Z,386.3075803596845,12.876919345322817,5365,2.0,2.8405227475178623e-18,681.6564167817872,case_X_or_Z_rot_L_386p307580_r2
X,Z,386.3075803596845,6.438459672661408,10591,4.0,1.1100013751601345e-18,924.3760459360684,case_X_or_Z_rot_L_386p307580_r4
X,Z,427.2086632682109,14.240288775607029,5365,2.0,3.9458639873846294e-18,624.6984019713271,case_X_or_Z_rot_L_427p208663_r2
X,Z,427.2086632682109,7.120144387803514,10591,4.0,1.516943621567115e-18,840.2423987021867,case_X_or_Z_rot_L_427p208663_r4
X,Z,468.1097461767372,15.60365820589124,5365,2.0,5.33892524571956e-18,578.1721638471241,case_X_or_Z_rot_L_468p109746_r2
X,Z,468.1097461767372,7.80182910294562,10591,4.0,2.018230405512911e-18,771.1452074327362,case_X_or_Z_rot_L_468p109746_r4
X,Z,509.01082908526354,16.96702763617545,5365,2.0,7.065654477112787e-18,539.4585865288645,case_X_or_Z_rot_L_509p010829_r2
X,Z,509.01082908526354,8.483513818087726,10591,4.0,2.626094443783543e-18,713.4402635164332,case_X_or_Z_rot_L_509p010829_r4
X,Z,549.9119119937899,18.330397066459664,5365,2.0,9.174012914675574e-18,506.69465420759263,case_X_or_Z_rot_L_549p911912_r2
X,Z,549.9119119937899,9.165198533229832,10591,4.0,3.3534764775575877e-18,664.5609431109392,case_X_or_Z_rot_L_549p911912_r4
X,Z,590.8129949023163,19.69376649674388,5365,2.0,1.1712392950664494e-17,478.5167966467533,case_X_or_Z_rot_L_590p812995_r2
X,Z,590.8129949023163,9.846883248371938,10591,4.0,4.214080541191007e-18,622.6533344397274,case_X_or_Z_rot_L_590p812995_r4
X,Z,631.7140778108426,21.057135927028085,5365,2.0,1.4726992272241602e-17,453.89469649832375,case_X_or_Z_rot_L_631p714078_r2
X,Z,631.7140778108426,10.528567963514044,10591,4.0,5.2221851350396374e-18,586.3335479941619,case_X_or_Z_rot_L_631p714078_r4
X,Z,672.615160719369,22.4205053573123,5365,2.0,1.825871652351093e-17,432.0340336713287,case_X_or_Z_rot_L_672p615161_r2
X,Z,672.615160719369,11.21025267865615,10591,4.0,6.3928017106235664e-18,554.5605689983533,case_X_or_Z_rot_L_672p615161_r4
X,Z,713.5162436278953,23.78387478759651,5365,2.0,2.2339874844857974e-17,412.3159863066812,case_X_or_Z_rot_L_713p516244_r2
X,Z,713.5162436278953,11.891937393798257,10591,4.0,7.741251443286118e-18,526.5212764873816,case_X_or_Z_rot_L_713p516244_r4
X,Z,754.4173265364217,25.14724421788072,5365,2.0,2.6989569404423682e-17,394.246920320018,case_X_or_Z_rot_L_754p417327_r2
X,Z,754.4173265364217,12.57362210894036,10591,4.0,9.28327402178946e-18,501.58143017508513,case_X_or_Z_rot_L_754p417327_r4
X,Z,795.3184094449481,26.510613648164934,5365,2.0,3.2211099752765886e-17,377.4415049743004,case_X_or_Z_rot_L_795p318409_r2
X,Z,795.3184094449481,13.255306824082467,10591,4.0,1.1034544881712508e-17,479.23069199054606,case_X_or_Z_rot_L_795p318409_r4
X,Z,836.2194923534744,27.873983078449147,5365,2.0,3.798861617487469e-17,361.5975564022363,case_X_or_Z_rot_L_836p219492_r2
X,Z,836.2194923534744,13.936991539224572,10591,4.0,1.3010652789961452e-17,459.059338488487,case_X_or_Z_rot_L_836p219492_r4
X,Z,877.1205752620008,29.23735250873336,5365,2.0,4.4286366714760245e-17,346.48644274849266,case_X_or_Z_rot_L_877p120575_r2
X,Z,877.1205752620008,14.61867625436668,10591,4.0,1.522658950349213e-17,440.73046632794274,case_X_or_Z_rot_L_877p120575_r4
Z,X,100.0,3.333333333333333,5365,2.0,2.279938438659647e-22,179.12698966427345,case_Z_or_X_rot_L_100p000000_r2
Z,X,100.0,1.6666666666666667,10591,4.0,5.58317877645266e-23,192.29180101778564,case_Z_or_X_rot_L_100p000000_r4
Z,X,140.90108290852635,4.696702763617545,5365,2.0,1.2624351002793309e-21,178.86203607473118,case_Z_or_X_rot_L_140p901083_r2
Z,X,140.90108290852635,2.3483513818087727,10591,4.0,3.097662221634907e-22,192.1990347087621,case_Z_or_X_rot_L_140p901083_r4
Z,X,181.8021658170527,6.060072193901757,5365,2.0,4.499718925025871e-21,178.56425598481093,case_Z_or_X_rot_L_181p802166_r2
Z,X,181.8021658170527,3.0300360969508784,10591,4.0,1.1062062325237526e-21,192.0615452358391,case_Z_or_X_rot_L_181p802166_r4
Z,X,222.70324872557907,7.423441624185969,5365,2.0,1.2370198959360615e-20,178.26719392268757,case_Z_or_X_rot_L_222p703249_r2
Z,X,222.70324872557907,3.711720812092985,10591,4.0,3.0462738603297847e-21,191.90579560012984,case_Z_or_X_rot_L_222p703249_r4
Z,X,263.6043316341054,8.78681105447018,5365,2.0,2.866687451168049e-20,178.0361866605188,case_Z_or_X_rot_L_263p604332_r2
Z,X,263.6043316341054,4.39340552723509,10591,4.0,7.066066509193122e-21,191.7465259593378,case_Z_or_X_rot_L_263p604332_r4
Z,X,304.5054145426318,10.150180484754394,5365,2.0,5.889873957881388e-20,177.93644890598856,case_Z_or_X_rot_L_304p505415_r2
Z,X,304.5054145426318,5.075090242377197,10591,4.0,1.4512649646821014e-20,191.6045450795953,case_Z_or_X_rot_L_304p505415_r4
Z,X,345.40649745115815,11.513549915038604,5365,2.0,1.1072564896730436e-19,178.03169520189775,case_Z_or_X_rot_L_345p406497_r2
Z,X,345.40649745115815,5.756774957519302,10591,4.0,2.7222296020539955e-20,191.4944179923403,case_Z_or_X_rot_L_345p406497_r4
Z,X,386.3075803596845,12.876919345322817,5365,2.0,1.9455630620258402e-19,178.39761650728045,case_Z_or_X_rot_L_386p307580_r2
Z,X,386.3075803596845,6.438459672661408,10591,4.0,4.760636139851242e-20,191.4341520458945,case_Z_or_X_rot_L_386p307580_r4
Z,X,427.2086632682109,14.240288775607029,5365,2.0,3.243490005006278e-19,179.10413862882731,case_Z_or_X_rot_L_427p208663_r2
Z,X,427.2086632682109,7.120144387803514,10591,4.0,7.874725199712867e-20,191.4421556815329,case_Z_or_X_rot_L_427p208663_r4
Z,X,468.1097461767372,15.60365820589124,5365,2.0,5.186880522156116e-19,180.2118648571681,case_Z_or_X_rot_L_468p109746_r2
Z,X,468.1097461767372,7.80182910294562,10591,4.0,1.2450095441592512e-19,191.5301425270498,case_Z_or_X_rot_L_468p109746_r4
Z,X,509.01082908526354,16.96702763617545,5365,2.0,8.022744463262457e-19,181.77886688799495,case_Z_or_X_rot_L_509p010829_r2
Z,X,509.01082908526354,8.483513818087726,10591,4.0,1.8962393100649957e-19,191.7118763286674,case_Z_or_X_rot_L_509p010829_r4
Z,X,549.9119119937899,18.330397066459664,5365,2.0,1.2077520521314708e-18,183.8465738584175,case_Z_or_X_rot_L_549p911912_r2
Z,X,549.9119119937899,9.165198533229832,10591,4.0,2.7991890428184256e-19,192.0009140893297,case_Z_or_X_rot_L_549p911912_r4
Z,X,590.8129949023163,19.69376649674388,5365,2.0,1.777925251084639e-18,186.4365760973292,case_Z_or_X_rot_L_590p812995_r2
Z,X,590.8129949023163,9.846883248371938,10591,4.0,4.023739178334722e-19,192.40210232225135,case_Z_or_X_rot_L_590p812995_r4
Z,X,631.7140778108426,21.057135927028085,5365,2.0,2.56833871795554e-18,189.5501918159925,case_Z_or_X_rot_L_631p714078_r2
Z,X,631.7140778108426,10.528567963514044,10591,4.0,5.653578588904911e-19,192.92136603622825,case_Z_or_X_rot_L_631p714078_r4
Z,X,672.615160719369,22.4205053573123,5365,2.0,3.650041906465439e-18,193.16647836514957,case_Z_or_X_rot_L_672p615161_r2
Z,X,672.615160719369,11.21025267865615,10591,4.0,7.787770556976067e-19,193.55747305153665,case_Z_or_X_rot_L_672p615161_r4
Z,X,713.5162436278953,23.78387478759651,5365,2.0,5.112159154881492e-18,197.23863520385112,case_Z_or_X_rot_L_713p516244_r2
Z,X,713.5162436278953,11.891937393798257,10591,4.0,1.0543069736820465e-18,194.30943014159732,case_Z_or_X_rot_L_713p516244_r4
Z,X,754.4173265364217,25.14724421788072,5365,2.0,7.064330820601128e-18,201.6999757787266,case_Z_or_X_rot_L_754p417327_r2
Z,X,754.4173265364217,12.57362210894036,10591,4.0,1.4055931280138105e-18,195.1734221251909,case_Z_or_X_rot_L_754p417327_r4
Z,X,795.3184094449481,26.510613648164934,5365,2.0,9.638063383279627e-18,206.4627786079363,case_Z_or_X_rot_L_795p318409_r2
Z,X,795.3184094449481,13.255306824082467,10591,4.0,1.8483528463815217e-18,196.13714616876368,case_Z_or_X_rot_L_795p318409_r4
Z,X,836.2194923534744,27.873983078449147,5365,2.0,1.2986967561594404e-17,211.4231932801315,case_Z_or_X_rot_L_836p219492_r2
Z,X,836.2194923534744,13.936991539224572,10591,4.0,2.4007212114677855e-18,197.19238864955216,case_Z_or_X_rot_L_836p219492_r4
Z,X,877.1205752620008,29.23735250873336,5365,2.0,1.728569230330889e-17,216.46845094823635,case_Z_or_X_rot_L_877p120575_r2
Z,X,877.1205752620008,14.61867625436668,10591,4.0,3.0832409136816664e-18,198.32409596911796,case_Z_or_X_rot_L_877p120575_r4
Z,Y,100.0,3.333333333333333,5365,2.0,-4.268211360532795e-20,-2450.882132805366,case_Z_or_Y_rot_L_100p000000_r2
Z,Y,100.0,1.6666666666666667,10591,4.0,-1.8236451359230703e-20,-3475.2829220218828,case_Z_or_Y_rot_L_100p000000_r4
Z,Y,140.90108290852635,4.696702763617545,5365,2.0,-1.198218478354681e-19,-1742.535546364055,case_Z_or_Y_rot_L_140p901083_r2
Z,Y,140.90108290852635,2.3483513818087727,10591,4.0,-5.102004996069877e-20,-2466.6334252827787,case_Z_or_Y_rot_L_140p901083_r4
Z,Y,181.8021658170527,6.060072193901757,5365,2.0,-2.5861287169464477e-19,-1353.713948209892,case_Z_or_Y_rot_L_181p802166_r2
Z,Y,181.8021658170527,3.0300360969508784,10591,4.0,-1.0961364148386163e-19,-1911.8537666888908,case_Z_or_Y_rot_L_181p802166_r4
Z,Y,222.70324872557907,7.423441624185969,5365,2.0,-4.781619347686268e-19,-1108.333821065882,case_Z_or_Y_rot_L_222p703249_r2
Z,Y,222.70324872557907,3.711720812092985,10591,4.0,-2.0152092971708888e-19,-1560.8590896758344,case_Z_or_Y_rot_L_222p703249_r4
Z,Y,263.6043316341054,8.78681105447018,5365,2.0,-7.984193640247868e-19,-939.5797357041369,case_Z_or_Y_rot_L_263p604332_r2
Z,Y,263.6043316341054,4.39340552723509,10591,4.0,-3.3424349435711575e-19,-1318.7732375968037,case_Z_or_Y_rot_L_263p604332_r4
Z,Y,304.5054145426318,10.150180484754394,5365,2.0,-1.2401989024547744e-18,-816.5026335763009,case_Z_or_Y_rot_L_304p505415_r2
Z,Y,304.5054145426318,5.075090242377197,10591,4.0,-5.152632003403674e-19,-1141.686891503177,case_Z_or_Y_rot_L_304p505415_r4
Z,Y,345.40649745115815,11.513549915038604,5365,2.0,-1.8250175881818293e-18,-722.7810158257818,case_Z_or_Y_rot_L_345p406497_r2
Z,Y,345.40649745115815,5.756774957519302,10591,4.0,-7.52012002373171e-19,-1006.4822700364224,case_Z_or_Y_rot_L_345p406497_r4
Z,Y,386.3075803596845,12.876919345322817,5365,2.0,-2.5746134302006258e-18,-648.9666910469333,case_Z_or_Y_rot_L_386p307580_r2
Z,Y,386.3075803596845,6.438459672661408,10591,4.0,-1.0518262475255865e-18,-899.8268052820259,case_Z_or_Y_rot_L_386p307580_r4
Z,Y,427.2086632682109,14.240288775607029,5365,2.0,-3.510009528481137e-18,-589.1874493726729,case_Z_or_Y_rot_L_427p208663_r2
Z,Y,427.2086632682109,7.120144387803514,10591,4.0,-1.4218756903793213e-18,-813.4871306599097,case_Z_or_Y_rot_L_427p208663_r4
Z,Y,468.1097461767372,15.60365820589124,5365,2.0,-4.650061644391596e-18,-539.5846839759506,case_Z_or_Y_rot_L_468p109746_r2
Z,Y,468.1097461767372,7.80182910294562,10591,4.0,-1.8690551366770724e-18,-742.0990029002246,case_Z_or_Y_rot_L_468p109746_r4
Z,Y,509.01082908526354,16.96702763617545,5365,2.0,-6.0091858437882654e-18,-497.4961565770057,case_Z_or_Y_rot_L_509p010829_r2
Z,Y,509.01082908526354,8.483513818087726,10591,4.0,-2.3998545380899413e-18,-682.0165356528205,case_Z_or_Y_rot_L_509p010829_r4
Z,Y,549.9119119937899,18.330397066459664,5365,2.0,-7.594312507825063e-18,-461.01056795042734,case_Z_or_Y_rot_L_549p911912_r2
Z,Y,549.9119119937899,9.165198533229832,10591,4.0,-3.0201962047882262e-18,-630.6737576029586,case_Z_or_Y_rot_L_549p911912_r4
Z,Y,590.8129949023163,19.69376649674388,5365,2.0,-9.401037501490818e-18,-428.70866554618806,case_Z_or_Y_rot_L_590p812995_r2
Z,Y,590.8129949023163,9.846883248371938,10591,4.0,-3.735217151914931e-18,-586.2094698143137,case_Z_or_Y_rot_L_590p812995_r4
Z,Y,631.7140778108426,21.057135927028085,5365,2.0,-1.1409064169298956e-17,-399.505801345214,case_Z_or_Y_rot_L_631p714078_r2
Z,Y,631.7140778108426,10.528567963514044,10591,4.0,-4.5490448289623754e-18,-547.2411160768494,case_Z_or_Y_rot_L_631p714078_r4
Z,Y,672.615160719369,22.4205053573123,5365,2.0,-1.3577125287684098e-17,-372.5518717620253,case_Z_or_Y_rot_L_672p615161_r2
Z,Y,672.615160719369,11.21025267865615,10591,4.0,-5.464497477050038e-18,-512.7179056725602,case_Z_or_Y_rot_L_672p615161_r4
Z,Y,713.5162436278953,23.78387478759651,5365,2.0,-1.5838223531665465e-17,-347.17067972873065,case_Z_or_Y_rot_L_713p516244_r2
Z,Y,713.5162436278953,11.891937393798257,10591,4.0,-6.482821958652306e-18,-481.8283901353588,case_Z_or_Y_rot_L_713p516244_r4
Z,Y,754.4173265364217,25.14724421788072,5365,2.0,-1.809580613160008e-17,-322.8191569458135,case_Z_or_Y_rot_L_754p417327_r2
Z,Y,754.4173265364217,12.57362210894036,10591,4.0,-7.603421144313476e-18,-453.9367955106324,case_Z_or_Y_rot_L_754p417327_r4
Z,Y,795.3184094449481,26.510613648164934,5365,2.0,-2.0221546118045866e-17,-299.0570589271331,case_Z_or_Y_rot_L_795p318409_r2
Z,Y,795.3184094449481,13.255306824082467,10591,4.0,-8.82346582513892e-18,-428.53570797420775,case_Z_or_Y_rot_L_795p318409_r4
Z,Y,836.2194923534744,27.873983078449147,5365,2.0,-2.205670818025753e-17,-275.53013106013447,case_Z_or_Y_rot_L_836p219492_r2
Z,Y,836.2194923534744,13.936991539224572,10591,4.0,-1.0137612549085557e-17,-405.2165058578176,case_Z_or_Y_rot_L_836p219492_r4
Z,Y,877.1205752620008,29.23735250873336,5365,2.0,-2.3416545075436568e-17,-251.94899464364343,case_Z_or_Y_rot_L_877p120575_r2
Z,Y,877.1205752620008,14.61867625436668,10591,4.0,-1.153793941319136e-17,-383.6505986355265,case_Z_or_Y_rot_L_877p120575_r4
