helicity,polarization,theta_deg,phi_deg,direction_x,direction_y,direction_z,spin_N2_m2_per_Hz,orbital_N2_m2_per_Hz,mixed_N2_m2_per_Hz,correlation_2mixed_N2_m2_per_Hz,total_N2_m2_per_Hz
1,RCP,1.5104497562814015e+02,1.1250000000000000e+01,4.7482063215088538e-01,9.4447696021838362e-02,-8.7500000000000000e-01,7.2200077440441890e-61,6.2037567231178024e-61,-6.4747975255469780e-61,-1.2949595051093956e-60,4.7416941606803499e-62
1,RCP,1.5104497562814015e+02,3.3750000000000000e+01,4.0253349516566195e-01,2.6896428251668664e-01,-8.7500000000000000e-01,7.4453691017809444e-61,6.2354728920676411e-61,-6.5901241800381372e-61,-1.3180248360076274e-60,5.0059363377231154e-62
1,RCP,1.5104497562814015e+02,5.6250000000000000e+01,2.6896428251668669e-01,4.0253349516566195e-01,-8.7500000000000000e-01,7.8285291508696064e-61,6.3442106151446660e-61,-6.8173755414063409e-61,-1.3634751082812682e-60,5.3798868320159102e-62
1,RCP,1.5104497562814015e+02,7.8750000000000000e+01,9.4447696021838404e-02,4.7482063215088538e-01,-8.7500000000000000e-01,8.1451733700998109e-61,6.4663375957591666e-61,-7.0235296720745206e-61,-1.4047059344149041e-60,5.6445162170993615e-62
1,RCP,1.5104497562814015e+02,1.0125000000000000e+02,-9.4447696021838334e-02,4.7482063215088538e-01,-8.7500000000000000e-01,8.1455219436737171e-61,6.4661862677469553e-61,-7.0236303130570619e-61,-1.4047260626114124e-60,5.6444758530654945e-62
1,RCP,1.5104497562814015e+02,1.2374999999999999e+02,-2.6896428251668653e-01,4.0253349516566200e-01,-8.7500000000000000e-01,7.8293795088700003e-61,6.3437611662258331e-61,-6.8175813446943313e-61,-1.3635162689388663e-60,5.3797798570717073e-62
1,RCP,1.5104497562814015e+02,1.4625000000000000e+02,-4.0253349516566195e-01,2.6896428251668664e-01,-8.7500000000000000e-01,7.4463011268301190e-61,6.2348005262587172e-61,-6.5902620395154954e-61,-1.3180524079030991e-60,5.0057757405784738e-62
1,RCP,1.5104497562814015e+02,1.6875000000000000e+02,-4.7482063215088538e-01,9.4447696021838543e-02,-8.7500000000000000e-01,7.2207069545057146e-61,6.2030807152760607e-61,-6.4748180371204573e-61,-1.2949636074240915e-60,4.7415159554086124e-62
1,RCP,1.5104497562814015e+02,1.9125000000000000e+02,-4.7482063215088538e-01,-9.4447696021838418e-02,-8.7500000000000000e-01,7.2205659382049249e-61,6.2032158565812800e-61,-6.4748178493520114e-61,-1.2949635698704023e-60,4.7414609608218013e-62
1,RCP,1.5104497562814015e+02,2.1375000000000000e+02,-4.0253349516566200e-01,-2.6896428251668653e-01,-8.7500000000000000e-01,7.4459619104097117e-61,6.2351258818401769e-61,-6.5902631358943327e-61,-1.3180526271788665e-60,5.0056152046122162e-62
1,RCP,1.5104497562814015e+02,2.3625000000000000e+02,-2.6896428251668664e-01,-4.0253349516566195e-01,-8.7500000000000000e-01,7.8290391622115059e-61,6.3440825662530550e-61,-6.8175838809630897e-61,-1.3635167761926179e-60,5.3795396653838106e-62
1,RCP,1.5104497562814015e+02,2.5875000000000000e+02,-9.4447696021838570e-02,-4.7482063215088532e-01,-8.7500000000000000e-01,8.1453807664421174e-61,6.4663091262982344e-61,-7.0236353198018976e-61,-1.4047270639603795e-60,5.6441925313655711e-62
1,RCP,1.5104497562814015e+02,2.8125000000000000e+02,9.4447696021838390e-02,-4.7482063215088538e-01,-8.7500000000000000e-01,8.1453144114948787e-61,6.4661811301416152e-61,-7.0235360338549763e-61,-1.4047072067709953e-60,5.6442347392654189e-62
1,RCP,1.5104497562814015e+02,3.0375000000000000e+02,2.6896428251668647e-01,-4.0253349516566200e-01,-8.7500000000000000e-01,7.8288703491242704e-61,6.3438590781936488e-61,-6.8173819671574217e-61,-1.3634763934314843e-60,5.3796549300307775e-62
1,RCP,1.5104497562814015e+02,3.2625000000000000e+02,4.0253349516566195e-01,-2.6896428251668664e-01,-8.7500000000000000e-01,7.4457081664599127e-61,6.2351270427915870e-61,-6.5901289974877919e-61,-1.3180257994975584e-60,5.0057721427591655e-62
1,RCP,1.5104497562814015e+02,3.4875000000000000e+02,4.7482063215088532e-01,-9.4447696021838598e-02,-8.7500000000000000e-01,7.2201478467366653e-61,6.2036134718175510e-61,-6.4747988998647595e-61,-1.2949597799729519e-60,4.7416351882469844e-62
1,RCP,1.2868218745348943e+02,1.1250000000000000e+01,7.6562526412209819e-01,1.5229233381220247e-01,-6.2500000000000000e-01,6.5148930347505420e-61,7.1975842940719133e-61,-6.6147263367581230e-61,-1.3229452673516246e-60,4.8302465530620962e-62
1,RCP,1.2868218745348943e+02,3.3750000000000000e+01,6.4906575806981093e-01,4.3369187414714344e-01,-6.2500000000000000e-01,6.9116433958976611e-61,7.0967792844378415e-61,-6.7265818630690619e-61,-1.3453163726138124e-60,5.5525895419737947e-62
1,RCP,1.2868218745348943e+02,5.6250000000000000e+01,4.3369187414714350e-01,6.4906575806981093e-01,-6.2500000000000000e-01,7.9065094975485115e-61,7.3857561222720656e-61,-7.3173158552968160e-61,-1.4634631710593632e-60,6.5763390922694479e-62
1,RCP,1.2868218745348943e+02,7.8750000000000000e+01,1.5229233381220256e-01,7.6562526412209819e-01,-6.2500000000000000e-01,8.9178895758210941e-61,7.8963339275151849e-61,-8.0420208876063148e-61,-1.6084041775212630e-60,7.3018172812364798e-62
1,RCP,1.2868218745348943e+02,1.0125000000000000e+02,-1.5229233381220245e-01,7.6562526412209819e-01,-6.2500000000000000e-01,8.9185746873151849e-61,7.8962462832932118e-61,-8.0423205148092745e-61,-1.6084641029618549e-60,7.3017994098984590e-62
1,RCP,1.2868218745348943e+02,1.2374999999999999e+02,-4.3369187414714322e-01,6.4906575806981104e-01,-6.2500000000000000e-01,7.9081025019240712e-61,7.3853804604279535e-61,-7.3179282031882990e-61,-1.4635856406376598e-60,6.5762655597542806e-62
1,RCP,1.2868218745348943e+02,1.4625000000000000e+02,-6.4906575806981104e-01,4.3369187414714344e-01,-6.2500000000000000e-01,6.9132055598020915e-61,7.0960285830551140e-61,-6.7269922395100504e-61,-1.3453984479020101e-60,5.5524966383710378e-62
1,RCP,1.2868218745348943e+02,1.6875000000000000e+02,-7.6562526412209819e-01,1.5229233381220278e-01,-6.2500000000000000e-01,6.5158335564132694e-61,7.1967602061396959e-61,-6.6147890337000075e-61,-1.3229578067400015e-60,4.8301569515294860e-62
1,RCP,1.2868218745348943e+02,1.9125000000000000e+02,-7.6562526412209819e-01,-1.5229233381220258e-01,-6.2500000000000000e-01,6.5155712909614581e-61,7.1970094242364553e-61,-6.6147868633383390e-61,-1.3229573726676678e-60,4.8300698852123420e-62
1,RCP,1.2868218745348943e+02,2.1375000000000000e+02,-6.4906575806981104e-01,-4.3369187414714322e-01,-6.2500000000000000e-01,6.9125766915898912e-61,7.0966336500355134e-61,-6.7269932648753000e-61,-1.3453986529750600e-60,5.5522381187480491e-62
1,RCP,1.2868218745348943e+02,2.3625000000000000e+02,-4.3369187414714344e-01,-6.4906575806981093e-01,-6.2500000000000000e-01,7.9074707342533372e-61,7.3859841943132714e-61,-7.3179337924345332e-61,-1.4635867584869066e-60,6.5758734369753881e-62
1,RCP,1.2868218745348943e+02,2.5875000000000000e+02,-1.5229233381220281e-01,-7.6562526412209819e-01,-6.2500000000000000e-01,8.9183114123991661e-61,7.8964809182635991e-61,-8.0423299069430229e-61,-1.6084659813886046e-60,7.3013251677672176e-62
1,RCP,1.2868218745348943e+02,2.8125000000000000e+02,1.5229233381220253e-01,-7.6562526412209819e-01,-6.2500000000000000e-01,8.9181525658936237e-61,7.8960503221265323e-61,-8.0420326725995898e-61,-1.6084065345199180e-60,7.3013754282097490e-62
1,RCP,1.2868218745348943e+02,3.0375000000000000e+02,4.3369187414714316e-01,-6.4906575806981104e-01,-6.2500000000000000e-01,7.9071413887733081e-61,7.3851093042730009e-61,-7.3173268119112918e-61,-1.4634653623822584e-60,6.5759706922372663e-62
1,RCP,1.2868218745348943e+02,3.2625000000000000e+02,6.4906575806981093e-01,-4.3369187414714344e-01,-6.2500000000000000e-01,6.9122722740455480e-61,7.0961410815259166e-61,-6.7265900055355558e-61,-1.3453180011071112e-60,5.5523334450035386e-62
1,RCP,1.2868218745348943e+02,3.4875000000000000e+02,7.6562526412209819e-01,-1.5229233381220286e-01,-6.2500000000000000e-01,6.5151551084884662e-61,7.1973225722294150e-61,-6.6147311598506849e-61,-1.3229462319701370e-60,4.8301536101651083e-62
1,RCP,1.1202431283704216e+02,1.1250000000000000e+01,9.0921228908651663e-01,1.8085356887287701e-01,-3.7500000000000000e-01,6.0201328342716486e-61,7.8225781816330529e-61,-6.6812844609996439e-61,-1.3362568921999288e-60,4.8014209390541417e-62
1,RCP,1.1202431283704216e+02,3.3750000000000000e+01,7.7079296010301923e-01,5.1502739019941979e-01,-3.7500000000000000e-01,6.4023346958958307e-61,7.5085177902634844e-61,-6.6627741441805803e-61,-1.3325548288361161e-60,5.8530419779815497e-62
1,RCP,1.1202431283704216e+02,5.6250000000000000e+01,5.1502739019941990e-01,7.7079296010301923e-01,-3.7500000000000000e-01,7.8038288805544916e-61,7.9215690132558664e-61,-7.4954521311027552e-61,-1.4990904262205510e-60,7.3449363160484725e-62
1,RCP,1.1202431283704216e+02,7.8750000000000000e+01,1.8085356887287707e-01,9.0921228908651663e-01,-3.7500000000000000e-01,9.4066315141111562e-61,8.8227057147626070e-61,-8.6945095932141539e-61,-1.7389019186428308e-60,8.4031804244545739e-62
1,RCP,1.1202431283704216e+02,1.0125000000000000e+02,-1.8085356887287696e-01,9.0921228908651663e-01,-3.7500000000000000e-01,9.4072411994884745e-61,8.8226960750694433e-61,-8.6948099890965074e-61,-1.7389619978193015e-60,8.4031729636490103e-62
1,RCP,1.1202431283704216e+02,1.2374999999999999e+02,-5.1502739019941968e-01,7.7079296010301934e-01,-3.7500000000000000e-01,7.8052233888601533e-61,7.9213961813129814e-61,-7.4960639726121771e-61,-1.4992127945224354e-60,7.3449162494877894e-62
1,RCP,1.1202431283704216e+02,1.4625000000000000e+02,-7.7079296010301923e-01,5.1502739019941979e-01,-3.7500000000000000e-01,6.4036467106663914e-61,7.5080196627247630e-61,-6.6631814418795779e-61,-1.3326362883759156e-60,5.8530348963199872e-62
1,RCP,1.1202431283704216e+02,1.6875000000000000e+02,-9.0921228908651663e-01,1.8085356887287735e-01,-3.7500000000000000e-01,6.0208523561105919e-61,7.8219768489218124e-61,-6.6813442429163865e-61,-1.3362688485832773e-60,4.8014071919963169e-62
1,RCP,1.1202431283704216e+02,1.9125000000000000e+02,-9.0921228908651663e-01,-1.8085356887287710e-01,-3.7500000000000000e-01,6.0206326315966643e-61,7.8221886466997554e-61,-6.6813452560677336e-61,-1.3362690512135467e-60,4.8013076616095209e-62
1,RCP,1.1202431283704216e+02,2.1375000000000000e+02,-7.7079296010301934e-01,-5.1502739019941968e-01,-3.7500000000000000e-01,6.4031170752534748e-61,7.5085305153725293e-61,-6.6631882865717217e-61,-1.3326376573143443e-60,5.8527101748256255e-62
1,RCP,1.1202431283704216e+02,2.3625000000000000e+02,-5.1502739019941979e-01,-7.7079296010301923e-01,-3.7500000000000000e-01,7.8046914151076847e-61,7.9219027865346374e-61,-7.4960756976669851e-61,-1.4992151395333970e-60,7.3444280630834994e-62
1,RCP,1.1202431283704216e+02,2.5875000000000000e+02,-1.8085356887287740e-01,-9.0921228908651652e-01,-3.7500000000000000e-01,9.4070203319168262e-61,8.8228898442458043e-61,-8.6948230531699477e-61,-1.7389646106339895e-60,8.4026406982273640e-62
1,RCP,1.1202431283704216e+02,2.8125000000000000e+02,1.8085356887287704e-01,-9.0921228908651663e-01,-3.7500000000000000e-01,9.4068539986006837e-61,8.8224613102661023e-61,-8.6945249556758104e-61,-1.7389049911351621e-60,8.4026539751516403e-62
1,RCP,1.1202431283704216e+02,3.0375000000000000e+02,5.1502739019941957e-01,-7.7079296010301934e-01,-3.7500000000000000e-01,7.8043596219054753e-61,7.9210126975521007e-61,-7.4954612891255288e-61,-1.4990922578251058e-60,7.3444974120651992e-62
1,RCP,1.1202431283704216e+02,3.2625000000000000e+02,7.7079296010301923e-01,-5.1502739019941979e-01,-3.7500000000000000e-01,6.4028640479215414e-61,7.5079682225394623e-61,-6.6627786169757570e-61,-1.3325557233951514e-60,5.8527503650948887e-62
1,RCP,1.1202431283704216e+02,3.4875000000000000e+02,9.0921228908651652e-01,-1.8085356887287743e-01,-3.7500000000000000e-01,6.0203515818262868e-61,7.8223513289291373e-61,-6.6812860586641622e-61,-1.3362572117328324e-60,4.8013079342709990e-62
1,RCP,9.7180755781458288e+01,1.1250000000000000e+01,9.7309272806238722e-01,1.9356017821881918e-01,-1.2500000000000000e-01,5.7654947381057751e-61,8.1237685469292528e-61,-6.7065910825670659e-61,-1.3413182165134132e-60,4.7608111990089737e-62
1,RCP,9.7180755781458288e+01,3.3750000000000000e+01,8.2494818132243475e-01,5.5121275215002719e-01,-1.2500000000000000e-01,6.1020140175117867e-61,7.6657402144982808e-61,-6.5846683853953846e-61,-1.3169336770790769e-60,5.9841746121929776e-62
1,RCP,9.7180755781458288e+01,5.6250000000000000e+01,5.5121275215002730e-01,8.2494818132243475e-01,-1.2500000000000000e-01,7.7064094238185733e-61,8.1419697501983659e-61,-7.5381621370969317e-61,-1.5076324274193863e-60,7.7205489982307780e-62
1,RCP,9.7180755781458288e+01,7.8750000000000000e+01,1.9356017821881927e-01,9.7309272806238722e-01,-1.2500000000000000e-01,9.6431741844874935e-61,9.2777919672050116e-61,-9.0128427197007289e-61,-1.8025685439401458e-60,8.9528071229104699e-62
1,RCP,9.7180755781458288e+01,1.0125000000000000e+02,-1.9356017821881913e-01,9.7309272806238722e-01,-1.2500000000000000e-01,9.6434136039407432e-61,9.2777988310331847e-61,-9.0129653873205316e-61,-1.8025930774641063e-60,8.9528166033286611e-62
1,RCP,9.7180755781458288e+01,1.2374999999999999e+02,-5.5121275215002696e-01,8.2494818132243497e-01,-1.2500000000000000e-01,7.7069491152342457e-61,8.1419242542567390e-61,-7.5384103453005065e-61,-1.5076820690601013e-60,7.7205267888997240e-62
1,RCP,9.7180755781458288e+01,1.4625000000000000e+02,-8.2494818132243486e-01,5.5121275215002719e-01,-1.2500000000000000e-01,6.1025130407532378e-61,7.6655669851846822e-61,-6.5848316366369161e-61,-1.3169663273273832e-60,5.9841675266408686e-62
1,RCP,9.7180755781458288e+01,1.6875000000000000e+02,-9.7309272806238722e-01,1.9356017821881955e-01,-1.2500000000000000e-01,5.7657602650737837e-61,8.1235534172235653e-61,-6.7066159142235127e-61,-1.3413231828447025e-60,4.7608185385032285e-62
1,RCP,9.7180755781458288e+01,1.9125000000000000e+02,-9.7309272806238722e-01,-1.9356017821881930e-01,-1.2500000000000000e-01,5.7656761972480560e-61,8.1236282506495884e-61,-6.7066171148516616e-61,-1.3413234229703323e-60,4.7607021819432135e-62
1,RCP,9.7180755781458288e+01,2.1375000000000000e+02,-8.2494818132243497e-01,-5.5121275215002696e-01,-1.2500000000000000e-01,6.1023139847170193e-61,7.6657528230354976e-61,-6.5848409844922849e-61,-1.3169681968984570e-60,5.9838483876794793e-62
1,RCP,9.7180755781458288e+01,2.3625000000000000e+02,-5.5121275215002719e-01,-8.2494818132243475e-01,-1.2500000000000000e-01,7.7067479014059586e-61,8.1421024428682939e-61,-7.5384232590881554e-61,-1.5076846518176311e-60,7.7200382609794067e-62
1,RCP,9.7180755781458288e+01,2.5875000000000000e+02,-1.9356017821881960e-01,-9.7309272806238711e-01,-1.2500000000000000e-01,9.6433274704776681e-61,9.2778562556048931e-61,-9.0129812303145952e-61,-1.8025962460629190e-60,8.9522126545337027e-62
1,RCP,9.7180755781458288e+01,2.8125000000000000e+02,1.9356017821881924e-01,-9.7309272806238722e-01,-1.2500000000000000e-01,9.6432578580395904e-61,9.2776819865376825e-61,-9.0128587730179191e-61,-1.8025717546035838e-60,8.9522229854143119e-62
1,RCP,9.7180755781458288e+01,3.0375000000000000e+02,5.5121275215002685e-01,-8.2494818132243497e-01,-1.2500000000000000e-01,7.7066093603702808e-61,8.1417391755893140e-61,-7.5381713394453296e-61,-1.5076342678890659e-60,7.7200585706893687e-62
1,RCP,9.7180755781458288e+01,3.2625000000000000e+02,8.2494818132243475e-01,-5.5121275215002719e-01,-1.2500000000000000e-01,6.1022125785932292e-61,7.6655126557246703e-61,-6.5846705854488915e-61,-1.3169341170897783e-60,5.9838406342011802e-62
1,RCP,9.7180755781458288e+01,3.4875000000000000e+02,9.7309272806238711e-01,-1.9356017821881966e-01,-1.2500000000000000e-01,5.7655784183547902e-61,8.1236770456521329e-61,-6.7065929100006403e-61,-1.3413185820001281e-60,4.7606964400564207e-62
1,RCP,8.2819244218541726e+01,1.1250000000000000e+01,9.7309272806238722e-01,1.9356017821881918e-01,1.2500000000000000e-01,5.7657598303585729e-61,8.1235530083031619e-61,-6.7066155235378168e-61,-1.3413231047075634e-60,4.7608179158610162e-62
1,RCP,8.2819244218541726e+01,3.3750000000000000e+01,8.2494818132243475e-01,5.5121275215002719e-01,1.2500000000000000e-01,6.1025132685859979e-61,7.6655666288364105e-61,-6.5848316907405624e-61,-1.3169663381481125e-60,5.9841651594128420e-62
1,RCP,8.2819244218541726e+01,5.6250000000000000e+01,5.5121275215002730e-01,8.2494818132243475e-01,1.2500000000000000e-01,7.7069492922091833e-61,8.1419248147795252e-61,-7.5384100898386238e-61,-1.5076820179677248e-60,7.7205392731146071e-62
1,RCP,8.2819244218541726e+01,7.8750000000000000e+01,1.9356017821881927e-01,9.7309272806238722e-01,1.2500000000000000e-01,9.6434127548419614e-61,9.2777990056108047e-61,-9.0129659062841872e-61,-1.8025931812568374e-60,8.9527994788439173e-62
1,RCP,8.2819244218541726e+01,1.0125000000000000e+02,-1.9356017821881913e-01,9.7309272806238722e-01,1.2500000000000000e-01,9.6431735407068594e-61,9.2777921080153149e-61,-9.0128431813253421e-61,-1.8025686362650684e-60,8.9527928607148910e-62
1,RCP,8.2819244218541726e+01,1.2374999999999999e+02,-5.5121275215002696e-01,8.2494818132243497e-01,1.2500000000000000e-01,7.7064084423661239e-61,8.1419683423874017e-61,-7.5381614655938248e-61,-1.5076322931187650e-60,7.7205385356587544e-62
1,RCP,8.2819244218541726e+01,1.4625000000000000e+02,-8.2494818132243486e-01,5.5121275215002719e-01,1.2500000000000000e-01,6.1020137663107243e-61,7.6657403885036365e-61,-6.5846682369172815e-61,-1.3169336473834563e-60,5.9841768097979882e-62
1,RCP,8.2819244218541726e+01,1.6875000000000000e+02,-9.7309272806238722e-01,1.9356017821881955e-01,1.2500000000000000e-01,5.7654950979308136e-61,8.1237682929712324e-61,-6.7065912320061700e-61,-1.3413182464012340e-60,4.7608092688970475e-62
1,RCP,8.2819244218541726e+01,1.9125000000000000e+02,-9.7309272806238722e-01,-1.9356017821881930e-01,1.2500000000000000e-01,5.7655789515126970e-61,8.1236769774480635e-61,-6.7065932143875716e-61,-1.3413186428775143e-60,4.7606950018561749e-62
1,RCP,8.2819244218541726e+01,2.1375000000000000e+02,-8.2494818132243497e-01,-5.5121275215002696e-01,1.2500000000000000e-01,6.1022128457538482e-61,7.6655131169552489e-61,-6.5846707390524459e-61,-1.3169341478104892e-60,5.9838448460420470e-62
1,RCP,8.2819244218541726e+01,2.3625000000000000e+02,-5.5121275215002719e-01,-8.2494818132243475e-01,1.2500000000000000e-01,7.7066088967355739e-61,8.1417383416265230e-61,-7.5381714321482567e-61,-1.5076342864296513e-60,7.7200437406558499e-62
1,RCP,8.2819244218541726e+01,2.5875000000000000e+02,-1.9356017821881960e-01,-9.7309272806238711e-01,1.2500000000000000e-01,9.6432589411109790e-61,9.2776819258666611e-61,-9.0128583387020358e-61,-1.8025716677404072e-60,8.9522418957356889e-62
1,RCP,8.2819244218541726e+01,2.8125000000000000e+02,1.9356017821881924e-01,-9.7309272806238722e-01,1.2500000000000000e-01,9.6433275525221012e-61,9.2778555067970454e-61,-9.0129802676069842e-61,-1.8025960535213968e-60,8.9522252410518007e-62
1,RCP,8.2819244218541726e+01,3.0375000000000000e+02,5.5121275215002685e-01,-8.2494818132243497e-01,1.2500000000000000e-01,7.7067484774292580e-61,8.1421036342569999e-61,-7.5384238167090950e-61,-1.5076847633418190e-60,7.7200447826806773e-62
1,RCP,8.2819244218541726e+01,3.2625000000000000e+02,8.2494818132243475e-01,-5.5121275215002719e-01,1.2500000000000000e-01,6.1023141151552793e-61,7.6657525494890855e-61,-6.5848410216270096e-61,-1.3169682043254019e-60,5.9838462139034531e-62
1,RCP,8.2819244218541726e+01,3.4875000000000000e+02,9.7309272806238711e-01,-1.9356017821881966e-01,1.2500000000000000e-01,5.7656761633399614e-61,8.1236284598997436e-61,-6.7066171387960745e-61,-1.3413234277592149e-60,4.7607034564755643e-62
1,RCP,6.7975687162957840e+01,1.1250000000000000e+01,9.0921228908651663e-01,1.8085356887287701e-01,3.7500000000000000e-01,6.0208520919519845e-61,7.8219772578793112e-61,-6.6813441904976415e-61,-1.3362688380995283e-60,4.8014096883601152e-62
1,RCP,6.7975687162957840e+01,3.3750000000000000e+01,7.7079296010301923e-01,5.1502739019941979e-01,3.7500000000000000e-01,6.4036467990957567e-61,7.5080191917169541e-61,-6.6631814665873563e-61,-1.3326362933174713e-60,5.8530305763799706e-62
1,RCP,6.7975687162957840e+01,5.6250000000000000e+01,5.1502739019941990e-01,7.7079296010301923e-01,3.7500000000000000e-01,7.8052224618316567e-61,7.9213955894320751e-61,-7.4960634093041989e-61,-1.4992126818608398e-60,7.3449123265533559e-62
1,RCP,6.7975687162957840e+01,7.8750000000000000e+01,1.8085356887287707e-01,9.0921228908651663e-01,3.7500000000000000e-01,9.4072422814276683e-61,8.8226966046299471e-61,-8.6948104860533332e-61,-1.7389620972106666e-60,8.4031791395094988e-62
1,RCP,6.7975687162957840e+01,1.0125000000000000e+02,-1.8085356887287696e-01,9.0921228908651663e-01,3.7500000000000000e-01,9.4066328975872007e-61,8.8227057506652324e-61,-8.6945091591223674e-61,-1.7389018318244735e-60,8.4032033000769454e-62
1,RCP,6.7975687162957840e+01,1.2374999999999999e+02,-5.1502739019941968e-01,7.7079296010301934e-01,3.7500000000000000e-01,7.8038286066059505e-61,7.9215693647129991e-61,-7.4954526383692469e-61,-1.4990905276738494e-60,7.3449269458045617e-62
1,RCP,6.7975687162957840e+01,1.4625000000000000e+02,-7.7079296010301923e-01,5.1502739019941979e-01,3.7500000000000000e-01,6.4023347661161096e-61,7.5085182484705833e-61,-6.6627743081862340e-61,-1.3325548616372468e-60,5.8530439821422832e-62
1,RCP,6.7975687162957840e+01,1.6875000000000000e+02,-9.0921228908651663e-01,1.8085356887287735e-01,3.7500000000000000e-01,6.0201330181753855e-61,7.8225781195165096e-61,-6.6812844939707557e-61,-1.3362568987941511e-60,4.8014214975038417e-62
1,RCP,6.7975687162957840e+01,1.9125000000000000e+02,-9.0921228908651663e-01,-1.8085356887287710e-01,3.7500000000000000e-01,6.0203524540456153e-61,7.8223513843663172e-61,-6.6812865135458788e-61,-1.3362573027091758e-60,4.8013081132017639e-62
1,RCP,6.7975687162957840e+01,2.1375000000000000e+02,-7.7079296010301934e-01,-5.1502739019941968e-01,3.7500000000000000e-01,6.4028638571179894e-61,7.5079684502638370e-61,-6.6627784243757189e-61,-1.3325556848751438e-60,5.8527545863038670e-62
1,RCP,6.7975687162957840e+01,2.3625000000000000e+02,-5.1502739019941979e-01,-7.7079296010301923e-01,3.7500000000000000e-01,7.8043592494074426e-61,7.9210126858982614e-61,-7.4954613189731982e-61,-1.4990922637946396e-60,7.3444929735930766e-62
1,RCP,6.7975687162957840e+01,2.5875000000000000e+02,-1.8085356887287740e-01,-9.0921228908651652e-01,3.7500000000000000e-01,9.4068527607301964e-61,8.8224604665252768e-61,-8.6945241565935964e-61,-1.7389048313187193e-60,8.4026491406827946e-62
1,RCP,6.7975687162957840e+01,2.8125000000000000e+02,1.8085356887287704e-01,-9.0921228908651663e-01,3.7500000000000000e-01,9.4070189728302641e-61,8.8228895284565783e-61,-8.6948230987096362e-61,-1.7389646197419272e-60,8.4026230386756980e-62
1,RCP,6.7975687162957840e+01,3.0375000000000000e+02,5.1502739019941957e-01,-7.7079296010301934e-01,3.7500000000000000e-01,7.8046913001946587e-61,7.9219021490083552e-61,-7.4960749399043081e-61,-1.4992149879808616e-60,7.3444356939439633e-62
1,RCP,6.7975687162957840e+01,3.2625000000000000e+02,7.7079296010301923e-01,-5.1502739019941979e-01,3.7500000000000000e-01,6.4031167927915742e-61,7.5085296374294834e-61,-6.6631878969456837e-61,-1.3326375793891367e-60,5.8527063632969105e-62
1,RCP,6.7975687162957840e+01,3.4875000000000000e+02,9.0921228908651652e-01,-1.8085356887287743e-01,3.7500000000000000e-01,6.0206330750580540e-61,7.8221890079474278e-61,-6.6813455354703012e-61,-1.3362691070940602e-60,4.8013101206487971e-62
1,RCP,5.1317812546510567e+01,1.1250000000000000e+01,7.6562526412209819e-01,1.5229233381220247e-01,6.2500000000000000e-01,6.5158338939951938e-61,7.1967603598711651e-61,-6.6147891839330533e-61,-1.3229578367866107e-60,4.8301588600025324e-62
1,RCP,5.1317812546510567e+01,3.3750000000000000e+01,6.4906575806981093e-01,4.3369187414714344e-01,6.2500000000000000e-01,6.9132050946600719e-61,7.0960297014430182e-61,-6.7269925711626993e-61,-1.3453985142325399e-60,5.5524965377769223e-62
1,RCP,5.1317812546510567e+01,5.6250000000000000e+01,4.3369187414714350e-01,6.4906575806981093e-01,6.2500000000000000e-01,7.9081027510102866e-61,7.3853808326395569e-61,-7.3179282898840606e-61,-1.4635856579768121e-60,6.5762700388172383e-62
1,RCP,5.1317812546510567e+01,7.8750000000000000e+01,1.5229233381220256e-01,7.6562526412209819e-01,6.2500000000000000e-01,8.9185743103620072e-61,7.8962451922311951e-61,-8.0423199521230231e-61,-1.6084639904246046e-60,7.3017959834715760e-62
1,RCP,5.1317812546510567e+01,1.0125000000000000e+02,-1.5229233381220245e-01,7.6562526412209819e-01,6.2500000000000000e-01,8.9178894005482334e-61,7.8963333631526296e-61,-8.0420206001502437e-61,-1.6084041200300487e-60,7.3018156340037487e-62
1,RCP,5.1317812546510567e+01,1.2374999999999999e+02,-4.3369187414714322e-01,6.4906575806981104e-01,6.2500000000000000e-01,7.9065095601107018e-61,7.3857564457095128e-61,-7.3173156423808284e-61,-1.4634631284761657e-60,6.5763472105855919e-62
1,RCP,5.1317812546510567e+01,1.4625000000000000e+02,-6.4906575806981104e-01,4.3369187414714344e-01,6.2500000000000000e-01,6.9116444651031380e-61,7.0967783313496953e-61,-6.7265819168093631e-61,-1.3453163833618726e-60,5.5525896283410653e-62
1,RCP,5.1317812546510567e+01,1.6875000000000000e+02,-7.6562526412209819e-01,1.5229233381220278e-01,6.2500000000000000e-01,6.5148932589776402e-61,7.1975845370654265e-61,-6.6147265697317904e-61,-1.3229453139463581e-60,4.8302465657948339e-62
1,RCP,5.1317812546510567e+01,1.9125000000000000e+02,-7.6562526412209819e-01,-1.5229233381220258e-01,6.2500000000000000e-01,6.5151554805678603e-61,7.1973230013487955e-61,-6.6147315174825054e-61,-1.3229463034965011e-60,4.8301544695164435e-62
1,RCP,5.1317812546510567e+01,2.1375000000000000e+02,-6.4906575806981104e-01,-4.3369187414714322e-01,6.2500000000000000e-01,6.9122730885226196e-61,7.0961407799174715e-61,-6.7265901212222015e-61,-1.3453180242444403e-60,5.5523362599568713e-62
1,RCP,5.1317812546510567e+01,2.3625000000000000e+02,-4.3369187414714344e-01,-6.4906575806981093e-01,6.2500000000000000e-01,7.9071408621242528e-61,7.3851085773124543e-61,-7.3173264780487137e-61,-1.4634652956097427e-60,6.5759648333928058e-62
1,RCP,5.1317812546510567e+01,2.5875000000000000e+02,-1.5229233381220281e-01,-7.6562526412209819e-01,6.2500000000000000e-01,8.9181521148664406e-61,7.8960509789653767e-61,-8.0420326175301090e-61,-1.6084065235060218e-60,7.3013785877160046e-62
1,RCP,5.1317812546510567e+01,2.8125000000000000e+02,1.5229233381220253e-01,-7.6562526412209819e-01,6.2500000000000000e-01,8.9183108279897008e-61,7.8964809781971013e-61,-8.0423296136491381e-61,-1.6084659227298276e-60,7.3013257888852903e-62
1,RCP,5.1317812546510567e+01,3.0375000000000000e+02,4.3369187414714316e-01,-6.4906575806981104e-01,6.2500000000000000e-01,7.9074710310601293e-61,7.3859841162744991e-61,-7.3179341011318371e-61,-1.4635868202263674e-60,6.5758694507095375e-62
1,RCP,5.1317812546510567e+01,3.2625000000000000e+02,6.4906575806981093e-01,-4.3369187414714344e-01,6.2500000000000000e-01,6.9125760893182454e-61,7.0966348659206756e-61,-6.7269936770115832e-61,-1.3453987354023166e-60,5.5522360121575341e-62
1,RCP,5.1317812546510567e+01,3.4875000000000000e+02,7.6562526412209819e-01,-1.5229233381220286e-01,6.2500000000000000e-01,6.5155719049622686e-61,7.1970093003644753e-61,-6.6147871089765081e-61,-1.3229574217953016e-60,4.8300698737372731e-62
1,RCP,2.8955024371859849e+01,1.1250000000000000e+01,4.7482063215088538e-01,9.4447696021838362e-02,8.7500000000000000e-01,7.2207071773133127e-61,6.2030808238572006e-61,-6.4748182675037232e-61,-1.2949636535007446e-60,4.7415146616306713e-62
1,RCP,2.8955024371859849e+01,3.3750000000000000e+01,4.0253349516566195e-01,2.6896428251668664e-01,8.7500000000000000e-01,7.4463017281649464e-61,6.2348009055729751e-61,-6.5902625224416564e-61,-1.3180525044883313e-60,5.0057758885460898e-62
1,RCP,2.8955024371859849e+01,5.6250000000000000e+01,2.6896428251668669e-01,4.0253349516566195e-01,8.7500000000000000e-01,7.8293797249093640e-61,6.3437608097917441e-61,-6.8175812178497075e-61,-1.3635162435699415e-60,5.3797809900169211e-62
1,RCP,2.8955024371859849e+01,7.8750000000000000e+01,9.4447696021838404e-02,4.7482063215088538e-01,8.7500000000000000e-01,8.1455212850210826e-61,6.4661862789302768e-61,-7.0236300205574476e-61,-1.4047260041114895e-60,5.6444752283646719e-62
1,RCP,2.8955024371859849e+01,1.0125000000000000e+02,-9.4447696021838334e-02,4.7482063215088538e-01,8.7500000000000000e-01,8.1451735931777377e-61,6.4663377203748589e-61,-7.0235298903150419e-61,-1.4047059780630084e-60,5.6445153292251252e-62
1,RCP,2.8955024371859849e+01,1.2374999999999999e+02,-2.6896428251668653e-01,4.0253349516566200e-01,8.7500000000000000e-01,7.8285302650032828e-61,6.3442102723435650e-61,-6.8173756412822208e-61,-1.3634751282564442e-60,5.3798925478240605e-62
1,RCP,2.8955024371859849e+01,1.4625000000000000e+02,-4.0253349516566195e-01,2.6896428251668664e-01,8.7500000000000000e-01,7.4453692076627144e-61,6.2354728516461869e-61,-6.5901244335286216e-61,-1.3180248867057243e-60,5.0059319225165631e-62
1,RCP,2.8955024371859849e+01,1.6875000000000000e+02,-4.7482063215088538e-01,9.4447696021838543e-02,8.7500000000000000e-01,7.2200076522277930e-61,6.2037568911226847e-61,-6.4747975177117816e-61,-1.2949595035423563e-60,4.7416950792691404e-62
1,RCP,2.8955024371859849e+01,1.9125000000000000e+02,-4.7482063215088538e-01,-9.4447696021838418e-02,8.7500000000000000e-01,7.2201489130440140e-61,6.2036140096183456e-61,-6.4747996947989983e-61,-1.2949599389597997e-60,4.7416353306436318e-62
1,RCP,2.8955024371859849e+01,2.1375000000000000e+02,-4.0253349516566200e-01,-2.6896428251668653e-01,8.7500000000000000e-01,7.4457082949829959e-61,6.2351270823821023e-61,-6.5901291262923064e-61,-1.3180258252584613e-60,5.0057712478048290e-62
1,RCP,2.8955024371859849e+01,2.3625000000000000e+02,-2.6896428251668664e-01,-4.0253349516566195e-01,8.7500000000000000e-01,7.8288697337337484e-61,6.3438592891531974e-61,-6.8173821044722765e-61,-1.3634764208944553e-60,5.3796481394239331e-62
1,RCP,2.8955024371859849e+01,2.5875000000000000e+02,-9.4447696021838570e-02,-4.7482063215088532e-01,8.7500000000000000e-01,8.1453148110125160e-61,6.4661811108835729e-61,-7.0235362901139663e-61,-1.4047072580227933e-60,5.6442334166815507e-62
1,RCP,2.8955024371859849e+01,2.8125000000000000e+02,9.4447696021838390e-02,-4.7482063215088538e-01,8.7500000000000000e-01,8.1453802087986422e-61,6.4663089643443064e-61,-7.0236350713109077e-61,-1.4047270142621815e-60,5.6441903052113217e-62
1,RCP,2.8955024371859849e+01,3.0375000000000000e+02,2.6896428251668647e-01,-4.0253349516566200e-01,8.7500000000000000e-01,7.8290385348687629e-61,6.3440832377747566e-61,-6.8175840690088810e-61,-1.3635168138017762e-60,5.3795363462575634e-62
1,RCP,2.8955024371859849e+01,3.2625000000000000e+02,4.0253349516566195e-01,-2.6896428251668664e-01,8.7500000000000000e-01,7.4459625097389030e-61,6.2351263431584658e-61,-6.5902634783137082e-61,-1.3180526956627416e-60,5.0056189626995351e-62
1,RCP,2.8955024371859849e+01,3.4875000000000000e+02,4.7482063215088532e-01,-9.4447696021838598e-02,8.7500000000000000e-01,7.2205669146072814e-61,6.2032167530273185e-61,-6.4748187084679806e-61,-1.2949637416935961e-60,4.7414625069863957e-62
-1,LCP,1.5104497562814015e+02,1.1250000000000000e+01,4.7482063215088538e-01,9.4447696021838362e-02,-8.7500000000000000e-01,7.2201475457276323e-61,6.2036134054003111e-61,-6.4747988044767454e-61,-1.2949597608953491e-60,4.7416334217445416e-62
-1,LCP,1.5104497562814015e+02,3.3750000000000000e+01,4.0253349516566195e-01,2.6896428251668664e-01,-8.7500000000000000e-01,7.4457078550124230e-61,6.2351267568700622e-61,-6.5901287838114359e-61,-1.3180257567622872e-60,5.0057704425961294e-62
-1,LCP,1.5104497562814015e+02,5.6250000000000000e+01,2.6896428251668669e-01,4.0253349516566195e-01,-8.7500000000000000e-01,7.8288699837541969e-61,6.3438588120571495e-61,-6.8173816954152033e-61,-1.3634763390830407e-60,5.3796540498093965e-62
-1,LCP,1.5104497562814015e+02,7.8750000000000000e+01,9.4447696021838404e-02,4.7482063215088538e-01,-8.7500000000000000e-01,8.1453138897792782e-61,6.4661808988537114e-61,-7.0235356696984516e-61,-1.4047071339396903e-60,5.6442344923608680e-62
-1,LCP,1.5104497562814015e+02,1.0125000000000000e+02,-9.4447696021838334e-02,4.7482063215088538e-01,-8.7500000000000000e-01,8.1453801974897397e-61,6.4663089637157675e-61,-7.0236350039544527e-61,-1.4047270007908905e-60,5.6441915329660106e-62
-1,LCP,1.5104497562814015e+02,1.2374999999999999e+02,-2.6896428251668653e-01,4.0253349516566200e-01,-8.7500000000000000e-01,7.8290389807136453e-61,6.3440823872622022e-61,-6.8175837089813085e-61,-1.3635167417962617e-60,5.3795395001322936e-62
-1,LCP,1.5104497562814015e+02,1.4625000000000000e+02,-4.0253349516566195e-01,2.6896428251668664e-01,-8.7500000000000000e-01,7.4459618004251620e-61,6.2351257629399590e-61,-6.5902629769138624e-61,-1.3180525953827725e-60,5.0056160953739433e-62
-1,LCP,1.5104497562814015e+02,1.6875000000000000e+02,-4.7482063215088538e-01,9.4447696021838543e-02,-8.7500000000000000e-01,7.2205653534412357e-61,6.2032158937650057e-61,-6.4748176543956479e-61,-1.2949635308791296e-60,4.7414593841494465e-62
-1,LCP,1.5104497562814015e+02,1.9125000000000000e+02,-4.7482063215088538e-01,-9.4447696021838418e-02,-8.7500000000000000e-01,7.2207066592841375e-61,6.2030806513021927e-61,-6.4748178971611842e-61,-1.2949635794322368e-60,4.7415151626396313e-62
-1,LCP,1.5104497562814015e+02,2.1375000000000000e+02,-4.0253349516566200e-01,-2.6896428251668653e-01,-8.7500000000000000e-01,7.4463008080295978e-61,6.2348003486004777e-61,-6.5902618291061246e-61,-1.3180523658212249e-60,5.0057749841782674e-62
-1,LCP,1.5104497562814015e+02,2.3625000000000000e+02,-2.6896428251668664e-01,-4.0253349516566195e-01,-8.7500000000000000e-01,7.8293789914454757e-61,6.3437609533359184e-61,-6.8175810574662744e-61,-1.3635162114932549e-60,5.3797782984884527e-62
-1,LCP,1.5104497562814015e+02,2.5875000000000000e+02,-9.4447696021838570e-02,-4.7482063215088532e-01,-8.7500000000000000e-01,8.1455215192941022e-61,6.4661861038201948e-61,-7.0236299911138708e-61,-1.4047259982227742e-60,5.6444764088655498e-62
-1,LCP,1.5104497562814015e+02,2.8125000000000000e+02,9.4447696021838390e-02,-4.7482063215088538e-01,-8.7500000000000000e-01,8.1451728666522923e-61,6.4663374566317251e-61,-7.0235294974338247e-61,-1.4047058994867649e-60,5.6445132841637004e-62
-1,LCP,1.5104497562814015e+02,3.0375000000000000e+02,2.6896428251668647e-01,-4.0253349516566200e-01,-8.7500000000000000e-01,7.8285290078619744e-61,6.3442104772960366e-61,-6.8173753565973884e-61,-1.3634750713194777e-60,5.3798877196323327e-62
-1,LCP,1.5104497562814015e+02,3.2625000000000000e+02,4.0253349516566195e-01,-2.6896428251668664e-01,-8.7500000000000000e-01,7.4453689338114303e-61,6.2354728057426780e-61,-6.5901240782492160e-61,-1.3180248156498432e-60,5.0059358305567624e-62
-1,LCP,1.5104497562814015e+02,3.4875000000000000e+02,4.7482063215088532e-01,-9.4447696021838598e-02,-8.7500000000000000e-01,7.2200073446560016e-61,6.2037565917549308e-61,-6.4747973175839380e-61,-1.2949594635167876e-60,4.7416930124305336e-62
-1,LCP,1.2868218745348943e+02,1.1250000000000000e+01,7.6562526412209819e-01,1.5229233381220247e-01,-6.2500000000000000e-01,6.5151550298819592e-61,7.1973225020894165e-61,-6.6147311173974607e-61,-1.3229462234794921e-60,4.8301529717645233e-62
-1,LCP,1.2868218745348943e+02,3.3750000000000000e+01,6.4906575806981093e-01,4.3369187414714344e-01,-6.2500000000000000e-01,6.9122722789081765e-61,7.0961410085357974e-61,-6.7265899502462492e-61,-1.3453179900492498e-60,5.5523338695147520e-62
-1,LCP,1.2868218745348943e+02,5.6250000000000000e+01,4.3369187414714350e-01,6.4906575806981093e-01,-6.2500000000000000e-01,7.9071408708183127e-61,7.3851089885676728e-61,-7.3173265280924308e-61,-1.4634653056184862e-60,6.5759680320112368e-62
-1,LCP,1.2868218745348943e+02,7.8750000000000000e+01,1.5229233381220256e-01,7.6562526412209819e-01,-6.2500000000000000e-01,8.9181517924943400e-61,7.8960500703615598e-61,-8.0420323245165901e-61,-1.6084064649033180e-60,7.3013721382271715e-62
-1,LCP,1.2868218745348943e+02,1.0125000000000000e+02,-1.5229233381220245e-01,7.6562526412209819e-01,-6.2500000000000000e-01,8.9183115694051429e-61,7.8964808985886771e-61,-8.0423297073362747e-61,-1.6084659414672549e-60,7.3013305332127156e-62
-1,LCP,1.2868218745348943e+02,1.2374999999999999e+02,-4.3369187414714322e-01,6.4906575806981104e-01,-6.2500000000000000e-01,7.9074710818423936e-61,7.3859842524196326e-61,-7.3179337825205710e-61,-1.4635867565041142e-60,6.5758776922088479e-62
-1,LCP,1.2868218745348943e+02,1.4625000000000000e+02,-6.4906575806981104e-01,4.3369187414714344e-01,-6.2500000000000000e-01,6.9125761982444154e-61,7.0966336867383081e-61,-6.7269931842439665e-61,-1.3453986368487933e-60,5.5522351649479014e-62
-1,LCP,1.2868218745348943e+02,1.6875000000000000e+02,-7.6562526412209819e-01,1.5229233381220278e-01,-6.2500000000000000e-01,6.5155710492795620e-61,7.1970094350502040e-61,-6.6147867265049817e-61,-1.3229573453009963e-60,4.8300703131980354e-62
-1,LCP,1.2868218745348943e+02,1.9125000000000000e+02,-7.6562526412209819e-01,-1.5229233381220258e-01,-6.2500000000000000e-01,6.5158333324218378e-61,7.1967600366602894e-61,-6.6147888478977865e-61,-1.3229577695795573e-60,4.8301567328655326e-62
-1,LCP,1.2868218745348943e+02,2.1375000000000000e+02,-6.4906575806981104e-01,-4.3369187414714322e-01,-6.2500000000000000e-01,6.9132055491103310e-61,7.0960286151820245e-61,-6.7269922910058488e-61,-1.3453984582011698e-60,5.5524958228065824e-62
-1,LCP,1.2868218745348943e+02,2.3625000000000000e+02,-4.3369187414714344e-01,-6.4906575806981093e-01,-6.2500000000000000e-01,7.9081030010605927e-61,7.3853806000427885e-61,-7.3179281883121145e-61,-1.4635856376624229e-60,6.5762722447915271e-62
-1,LCP,1.2868218745348943e+02,2.5875000000000000e+02,-1.5229233381220281e-01,-7.6562526412209819e-01,-6.2500000000000000e-01,8.9185745736989052e-61,7.8962462401110867e-61,-8.0423203518343842e-61,-1.6084640703668768e-60,7.3018011014122350e-62
-1,LCP,1.2868218745348943e+02,2.8125000000000000e+02,1.5229233381220253e-01,-7.6562526412209819e-01,-6.2500000000000000e-01,8.9178893363812993e-61,7.8963336161889014e-61,-8.0420206223168923e-61,-1.6084041244633785e-60,7.3018170793641442e-62
-1,LCP,1.2868218745348943e+02,3.0375000000000000e+02,4.3369187414714316e-01,-6.4906575806981104e-01,-6.2500000000000000e-01,7.9065096891761848e-61,7.3857563810155403e-61,-7.3173160148104377e-61,-1.4634632029620875e-60,6.5763404057084825e-62
-1,LCP,1.2868218745348943e+02,3.2625000000000000e+02,6.4906575806981093e-01,-4.3369187414714344e-01,-6.2500000000000000e-01,6.9116433825551123e-61,7.0967790942686334e-61,-6.7265817980836484e-61,-1.3453163596167297e-60,5.5525888065645007e-62
-1,LCP,1.2868218745348943e+02,3.4875000000000000e+02,7.6562526412209819e-01,-1.5229233381220286e-01,-6.2500000000000000e-01,6.5148931080153702e-61,7.1975841872130527e-61,-6.6147263247498001e-61,-1.3229452649499600e-60,4.8302464572882366e-62
-1,LCP,1.1202431283704216e+02,1.1250000000000000e+01,9.0921228908651663e-01,1.8085356887287701e-01,-3.7500000000000000e-01,6.0203518024845574e-61,7.8223513069463769e-61,-6.6812861951061118e-61,-1.3362572390212224e-60,4.8013071921870996e-62
-1,LCP,1.1202431283704216e+02,3.3750000000000000e+01,7.7079296010301923e-01,5.1502739019941979e-01,-3.7500000000000000e-01,6.4028639679959059e-61,7.5079680550821601e-61,-6.6627784755798331e-61,-1.3325556951159666e-60,5.8527507191839942e-62
-1,LCP,1.1202431283704216e+02,5.6250000000000000e+01,5.1502739019941990e-01,7.7079296010301923e-01,-3.7500000000000000e-01,7.8043593525499692e-61,7.9210125246714960e-61,-7.4954611912198229e-61,-1.4990922382439646e-60,7.3444949478181890e-62
-1,LCP,1.1202431283704216e+02,7.8750000000000000e+01,1.8085356887287707e-01,9.0921228908651663e-01,-3.7500000000000000e-01,9.4068538241656212e-61,8.8224610601174903e-61,-8.6945247851864476e-61,-1.7389049570372895e-60,8.4026531391021724e-62
-1,LCP,1.1202431283704216e+02,1.0125000000000000e+02,-1.8085356887287696e-01,9.0921228908651663e-01,-3.7500000000000000e-01,9.4070204837559327e-61,8.8228897032208225e-61,-8.6948229514364638e-61,-1.7389645902872928e-60,8.4026428410382541e-62
-1,LCP,1.1202431283704216e+02,1.2374999999999999e+02,-5.1502739019941968e-01,7.7079296010301934e-01,-3.7500000000000000e-01,7.8046911213463883e-61,7.9219024791175715e-61,-7.4960755121750747e-61,-1.4992151024350149e-60,7.3444257611380931e-62
-1,LCP,1.1202431283704216e+02,1.4625000000000000e+02,-7.7079296010301923e-01,5.1502739019941979e-01,-3.7500000000000000e-01,6.4031171543113716e-61,7.5085303709753724e-61,-6.6631882465675906e-61,-1.3326376493135181e-60,5.8527103215156223e-62
-1,LCP,1.1202431283704216e+02,1.6875000000000000e+02,-9.0921228908651663e-01,1.8085356887287735e-01,-3.7500000000000000e-01,6.0206325047459565e-61,7.8221884068981300e-61,-6.6813451001708730e-61,-1.3362690200341746e-60,4.8013071130233989e-62
-1,LCP,1.1202431283704216e+02,1.9125000000000000e+02,-9.0921228908651663e-01,-1.8085356887287710e-01,-3.7500000000000000e-01,6.0208519540291614e-61,7.8219764840593493e-61,-6.6813438532464146e-61,-1.3362687706492829e-60,4.8014073159568145e-62
-1,LCP,1.1202431283704216e+02,2.1375000000000000e+02,-7.7079296010301934e-01,-5.1502739019941968e-01,-3.7500000000000000e-01,6.4036465667938589e-61,7.5080194875455917e-61,-6.6631812529182561e-61,-1.3326362505836512e-60,5.8530354850293968e-62
-1,LCP,1.1202431283704216e+02,2.3625000000000000e+02,-5.1502739019941979e-01,-7.7079296010301923e-01,-3.7500000000000000e-01,7.8052228663400447e-61,7.9213958721359252e-61,-7.4960637262880779e-61,-1.4992127452576156e-60,7.3449128589981482e-62
-1,LCP,1.1202431283704216e+02,2.5875000000000000e+02,-1.8085356887287740e-01,-9.0921228908651652e-01,-3.7500000000000000e-01,9.4072417493575546e-61,8.8226963354254855e-61,-8.6948101257596949e-61,-1.7389620251519390e-60,8.4031783326364937e-62
-1,LCP,1.1202431283704216e+02,2.8125000000000000e+02,1.8085356887287704e-01,-9.0921228908651663e-01,-3.7500000000000000e-01,9.4066314315142626e-61,8.8227057925820068e-61,-8.6945096325117428e-61,-1.7389019265023486e-60,8.4031795907278276e-62
-1,LCP,1.1202431283704216e+02,3.0375000000000000e+02,5.1502739019941957e-01,-7.7079296010301934e-01,-3.7500000000000000e-01,7.8038285514852675e-61,7.9215689350994930e-61,-7.4954520138737990e-61,-1.4990904027747598e-60,7.3449345883716250e-62
-1,LCP,1.1202431283704216e+02,3.2625000000000000e+02,7.7079296010301923e-01,-5.1502739019941979e-01,-3.7500000000000000e-01,6.4023342109549097e-61,7.5085173971429957e-61,-6.6627737858384232e-61,-1.3325547571676846e-60,5.8530403642105907e-62
-1,LCP,1.1202431283704216e+02,3.4875000000000000e+02,9.0921228908651652e-01,-1.8085356887287743e-01,-3.7500000000000000e-01,6.0201327654053129e-61,7.8225780952638781e-61,-6.6812843958284408e-61,-1.3362568791656882e-60,4.8014206901230887e-62
-1,LCP,9.7180755781458288e+01,1.1250000000000000e+01,9.7309272806238722e-01,1.9356017821881918e-01,-1.2500000000000000e-01,5.7655784803992547e-61,8.1236767118489564e-61,-6.7065928403058964e-61,-1.3413185680611793e-60,4.7606951163641822e-62
-1,LCP,9.7180755781458288e+01,3.3750000000000000e+01,8.2494818132243475e-01,5.5121275215002719e-01,-1.2500000000000000e-01,6.1022128453549629e-61,7.6655125292658414e-61,-6.5846706292258676e-61,-1.3169341258451735e-60,5.9838411616907048e-62
-1,LCP,9.7180755781458288e+01,5.6250000000000000e+01,5.5121275215002730e-01,8.2494818132243475e-01,-1.2500000000000000e-01,7.7066094446035170e-61,8.1417391318122440e-61,-7.5381713315430475e-61,-1.5076342663086095e-60,7.7200591332966671e-62
-1,LCP,9.7180755781458288e+01,7.8750000000000000e+01,1.9356017821881927e-01,9.7309272806238722e-01,-1.2500000000000000e-01,9.6432578366456715e-61,9.2776819632114188e-61,-9.0128588400723762e-61,-1.8025717680144752e-60,8.9522211971233555e-62
-1,LCP,9.7180755781458288e+01,1.0125000000000000e+02,-1.9356017821881913e-01,9.7309272806238722e-01,-1.2500000000000000e-01,9.6433270107755780e-61,9.2778558874930157e-61,-9.0129809614243754e-61,-1.8025961922848751e-60,8.9522097541984379e-62
-1,LCP,9.7180755781458288e+01,1.2374999999999999e+02,-5.5121275215002696e-01,8.2494818132243497e-01,-1.2500000000000000e-01,7.7067480639428418e-61,8.1421022705205837e-61,-7.5384230344613505e-61,-1.5076846068922701e-60,7.7200426554072399e-62
-1,LCP,9.7180755781458288e+01,1.4625000000000000e+02,-8.2494818132243486e-01,5.5121275215002719e-01,-1.2500000000000000e-01,6.1023140081396681e-61,7.6657528431298886e-61,-6.5848410336876843e-61,-1.3169682067375369e-60,5.9838478389418788e-62
-1,LCP,9.7180755781458288e+01,1.6875000000000000e+02,-9.7309272806238722e-01,1.9356017821881955e-01,-1.2500000000000000e-01,5.7656762994597287e-61,8.1236279242938734e-61,-6.7066170461337790e-61,-1.3413234092267558e-60,4.7607013148604321e-62
-1,LCP,9.7180755781458288e+01,1.9125000000000000e+02,-9.7309272806238722e-01,-1.9356017821881930e-01,-1.2500000000000000e-01,5.7657601403038570e-61,8.1235530365296429e-61,-6.7066157064539036e-61,-1.3413231412907807e-60,4.7608176392569493e-62
-1,LCP,9.7180755781458288e+01,2.1375000000000000e+02,-8.2494818132243497e-01,-5.5121275215002696e-01,-1.2500000000000000e-01,6.1025132198909628e-61,7.6655670937923283e-61,-6.5848316359274901e-61,-1.3169663271854980e-60,5.9841704182831173e-62
-1,LCP,9.7180755781458288e+01,2.3625000000000000e+02,-5.5121275215002719e-01,-8.2494818132243475e-01,-1.2500000000000000e-01,7.7069488525529821e-61,8.1419240492007660e-61,-7.5384103122808525e-61,-1.5076820624561705e-60,7.7205227719204281e-62
-1,LCP,9.7180755781458288e+01,2.5875000000000000e+02,-1.9356017821881960e-01,-9.7309272806238711e-01,-1.2500000000000000e-01,9.6434131025316437e-61,9.2777987100255136e-61,-9.0129652990837570e-61,-1.8025930598167514e-60,8.9528121438964322e-62
-1,LCP,9.7180755781458288e+01,2.8125000000000000e+02,1.9356017821881924e-01,-9.7309272806238722e-01,-1.2500000000000000e-01,9.6431745167769791e-61,9.2777918778393558e-61,-9.0128426450378916e-61,-1.8025685290075783e-60,8.9528110454055246e-62
-1,LCP,9.7180755781458288e+01,3.0375000000000000e+02,5.5121275215002685e-01,-8.2494818132243497e-01,-1.2500000000000000e-01,7.7064093157168575e-61,8.1419697698235905e-61,-7.5381622173798518e-61,-1.5076324434759704e-60,7.7205465078074287e-62
-1,LCP,9.7180755781458288e+01,3.2625000000000000e+02,8.2494818132243475e-01,-5.5121275215002719e-01,-1.2500000000000000e-01,6.1020140390905362e-61,7.6657401887457802e-61,-6.5846683464665545e-61,-1.3169336692933109e-60,5.9841753490320740e-62
-1,LCP,9.7180755781458288e+01,3.4875000000000000e+02,9.7309272806238711e-01,-1.9356017821881966e-01,-1.2500000000000000e-01,5.7654947344596822e-61,8.1237687896873855e-61,-6.7065911881871075e-61,-1.3413182376374215e-60,4.7608114777285133e-62
-1,LCP,8.2819244218541726e+01,1.1250000000000000e+01,9.7309272806238722e-01,1.9356017821881918e-01,1.2500000000000000e-01,5.7656762269618047e-61,8.1236282641061291e-61,-6.7066171123828449e-61,-1.3413234224765690e-60,4.7607026630224441e-62
-1,LCP,8.2819244218541726e+01,3.3750000000000000e+01,8.2494818132243475e-01,5.5121275215002719e-01,1.2500000000000000e-01,6.1023143702537203e-61,7.6657526691224173e-61,-6.5848412222158491e-61,-1.3169682444431698e-60,5.9838459494443791e-62
-1,LCP,8.2819244218541726e+01,5.6250000000000000e+01,5.5121275215002730e-01,8.2494818132243475e-01,1.2500000000000000e-01,7.7067481142218704e-61,8.1421034872266448e-61,-7.5384237942210413e-61,-1.5076847588442083e-60,7.7200401300643073e-62
-1,LCP,8.2819244218541726e+01,7.8750000000000000e+01,1.9356017821881927e-01,9.7309272806238722e-01,1.2500000000000000e-01,9.6433269146175603e-61,9.2778554371593721e-61,-9.0129803326323825e-61,-1.8025960665264765e-60,8.9522168651217041e-62
-1,LCP,8.2819244218541726e+01,1.0125000000000000e+02,-1.9356017821881913e-01,9.7309272806238722e-01,1.2500000000000000e-01,9.6432583986799074e-61,9.2776816789768182e-61,-9.0128582278932901e-61,-1.8025716455786580e-60,8.9522362187014621e-62
-1,LCP,8.2819244218541726e+01,1.2374999999999999e+02,-5.5121275215002696e-01,8.2494818132243497e-01,1.2500000000000000e-01,7.7066089289069668e-61,8.1417383042772813e-61,-7.5381713343775278e-61,-1.5076342668755056e-60,7.7200456442919096e-62
-1,LCP,8.2819244218541726e+01,1.4625000000000000e+02,-8.2494818132243486e-01,5.5121275215002719e-01,1.2500000000000000e-01,6.1022127243734498e-61,7.6655130760050884e-61,-6.5846707058921758e-61,-1.3169341411784352e-60,5.9838438859418611e-62
-1,LCP,8.2819244218541726e+01,1.6875000000000000e+02,-9.7309272806238722e-01,1.9356017821881955e-01,1.2500000000000000e-01,5.7655788954940301e-61,8.1236769857138538e-61,-6.7065931860237493e-61,-1.3413186372047499e-60,4.7606950916038535e-62
-1,LCP,8.2819244218541726e+01,1.9125000000000000e+02,-9.7309272806238722e-01,-1.9356017821881930e-01,1.2500000000000000e-01,5.7654950433097212e-61,8.1237685367421693e-61,-6.7065912824518158e-61,-1.3413182564903632e-60,4.7608101514825849e-62
-1,LCP,8.2819244218541726e+01,2.1375000000000000e+02,-8.2494818132243497e-01,-5.5121275215002696e-01,1.2500000000000000e-01,6.1020139038668799e-61,7.6657404673383885e-61,-6.5846682498433625e-61,-1.3169336499686725e-60,5.9841787151854232e-62
-1,LCP,8.2819244218541726e+01,2.3625000000000000e+02,-5.5121275215002719e-01,-8.2494818132243475e-01,1.2500000000000000e-01,7.7064084194136350e-61,8.1419683529216122e-61,-7.5381614877739362e-61,-1.5076322975547872e-60,7.7205379678737552e-62
-1,LCP,8.2819244218541726e+01,2.5875000000000000e+02,-1.9356017821881960e-01,-9.7309272806238711e-01,1.2500000000000000e-01,9.6431742802718027e-61,9.2777924316131545e-61,-9.0128433257027754e-61,-1.8025686651405551e-60,8.9528006047940600e-62
-1,LCP,8.2819244218541726e+01,2.8125000000000000e+02,1.9356017821881924e-01,-9.7309272806238722e-01,1.2500000000000000e-01,9.6434122375044466e-61,9.2777989186832815e-61,-9.0129658401175752e-61,-1.8025931680235150e-60,8.9527947595257687e-62
-1,LCP,8.2819244218541726e+01,3.0375000000000000e+02,5.5121275215002685e-01,-8.2494818132243497e-01,1.2500000000000000e-01,7.7069493706042866e-61,8.1419248538046022e-61,-7.5384101701128026e-61,-1.5076820340225605e-60,7.7205388418328509e-62
-1,LCP,8.2819244218541726e+01,3.2625000000000000e+02,8.2494818132243475e-01,-5.5121275215002719e-01,1.2500000000000000e-01,6.1025130486593068e-61,7.6655666627162407e-61,-6.5848316952830516e-61,-1.3169663390566103e-60,5.9841632080944291e-62
-1,LCP,8.2819244218541726e+01,3.4875000000000000e+02,9.7309272806238711e-01,-1.9356017821881966e-01,1.2500000000000000e-01,5.7657598790924713e-61,8.1235528687444343e-61,-6.7066155176064755e-61,-1.3413231035212951e-60,4.7608171262395576e-62
-1,LCP,6.7975687162957840e+01,1.1250000000000000e+01,9.0921228908651663e-01,1.8085356887287701e-01,3.7500000000000000e-01,6.0206331277846867e-61,7.8221890921249904e-61,-6.6813455774752723e-61,-1.3362691154950545e-60,4.8013106495913294e-62
-1,LCP,6.7975687162957840e+01,3.3750000000000000e+01,7.7079296010301923e-01,5.1502739019941979e-01,3.7500000000000000e-01,6.4031171437043963e-61,7.5085298515043509e-61,-6.6631882140678519e-61,-1.3326376428135704e-60,5.8527056707304491e-62
-1,LCP,6.7975687162957840e+01,5.6250000000000000e+01,5.1502739019941990e-01,7.7079296010301923e-01,3.7500000000000000e-01,7.8046916740911413e-61,7.9219023541067586e-61,-7.4960751436601314e-61,-1.4992150287320263e-60,7.3444374087763548e-62
-1,LCP,6.7975687162957840e+01,7.8750000000000000e+01,1.8085356887287707e-01,9.0921228908651663e-01,3.7500000000000000e-01,9.4070189404824668e-61,8.8228895918370697e-61,-8.6948230889738388e-61,-1.7389646177947678e-60,8.4026235437186089e-62
-1,LCP,6.7975687162957840e+01,1.0125000000000000e+02,-1.8085356887287696e-01,9.0921228908651663e-01,3.7500000000000000e-01,9.4068525428463503e-61,8.8224602589946270e-61,-8.6945240254302305e-61,-1.7389048050860461e-60,8.4026475098051548e-62
-1,LCP,6.7975687162957840e+01,1.2374999999999999e+02,-5.1502739019941968e-01,7.7079296010301934e-01,3.7500000000000000e-01,7.8043599252632172e-61,7.9210130378675023e-61,-7.4954614928070811e-61,-1.4990922985614162e-60,7.3444997751655716e-62
-1,LCP,6.7975687162957840e+01,1.4625000000000000e+02,-7.7079296010301923e-01,5.1502739019941979e-01,3.7500000000000000e-01,6.4028640467673403e-61,7.5079685897305763e-61,-6.6627785750689591e-61,-1.3325557150137918e-60,5.8527548635999907e-62
-1,LCP,6.7975687162957840e+01,1.6875000000000000e+02,-9.0921228908651663e-01,1.8085356887287735e-01,3.7500000000000000e-01,6.0203526416519500e-61,7.8223515855143161e-61,-6.6812866785194410e-61,-1.3362573357038882e-60,4.8013087012738330e-62
-1,LCP,6.7975687162957840e+01,1.9125000000000000e+02,-9.0921228908651663e-01,-1.8085356887287710e-01,3.7500000000000000e-01,6.0201329511469516e-61,7.8225782827565801e-61,-6.6812845199742910e-61,-1.3362569039948582e-60,4.8014219395495051e-62
-1,LCP,6.7975687162957840e+01,2.1375000000000000e+02,-7.7079296010301934e-01,-5.1502739019941968e-01,3.7500000000000000e-01,6.4023348312043530e-61,7.5085184444125008e-61,-6.6627743474623001e-61,-1.3325548694924600e-60,5.8530458069225276e-62
-1,LCP,6.7975687162957840e+01,2.3625000000000000e+02,-5.1502739019941979e-01,-7.7079296010301923e-01,3.7500000000000000e-01,7.8038291033081724e-61,7.9215695974069182e-61,-7.4954527154078597e-61,-1.4990905430815719e-60,7.3449326989937086e-62
-1,LCP,6.7975687162957840e+01,2.5875000000000000e+02,-1.8085356887287740e-01,-9.0921228908651652e-01,3.7500000000000000e-01,9.4066327326109357e-61,8.8227058762552254e-61,-8.6945093402355496e-61,-1.7389018680471099e-60,8.4031992839505980e-62
-1,LCP,6.7975687162957840e+01,2.8125000000000000e+02,1.8085356887287704e-01,-9.0921228908651663e-01,3.7500000000000000e-01,9.4072425534177419e-61,8.8226968113931234e-61,-8.6948105468498194e-61,-1.7389621093699639e-60,8.4031827111122509e-62
-1,LCP,6.7975687162957840e+01,3.0375000000000000e+02,5.1502739019941957e-01,-7.7079296010301934e-01,3.7500000000000000e-01,7.8052227389057171e-61,7.9213958158738406e-61,-7.4960635701602087e-61,-1.4992127140320417e-60,7.3449141445914187e-62
-1,LCP,6.7975687162957840e+01,3.2625000000000000e+02,7.7079296010301923e-01,-5.1502739019941979e-01,3.7500000000000000e-01,6.4036469145601157e-61,7.5080194755338585e-61,-6.6631816167179923e-61,-1.3326363233435985e-60,5.8530315665798880e-62
-1,LCP,6.7975687162957840e+01,3.4875000000000000e+02,9.0921228908651652e-01,-1.8085356887287743e-01,3.7500000000000000e-01,6.0208521571652360e-61,7.8219772091794524e-61,-6.6813442237221537e-61,-1.3362688447444307e-60,4.8014091890038147e-62
-1,LCP,5.1317812546510567e+01,1.1250000000000000e+01,7.6562526412209819e-01,1.5229233381220247e-01,6.2500000000000000e-01,6.5155722251705239e-61,7.1970095044831932e-61,-6.6147873450339343e-61,-1.3229574690067869e-60,4.8300703958584880e-62
-1,LCP,5.1317812546510567e+01,3.3750000000000000e+01,6.4906575806981093e-01,4.3369187414714344e-01,6.2500000000000000e-01,6.9125760720755836e-61,7.0966348561549155e-61,-6.7269936241618450e-61,-1.3453987248323690e-60,5.5522367990680873e-62
-1,LCP,5.1317812546510567e+01,5.6250000000000000e+01,4.3369187414714350e-01,6.4906575806981093e-01,6.2500000000000000e-01,7.9074710967316470e-61,7.3859840663339725e-61,-7.3179340690471154e-61,-1.4635868138094231e-60,6.5758702497138867e-62
-1,LCP,5.1317812546510567e+01,7.8750000000000000e+01,1.5229233381220256e-01,7.6562526412209819e-01,6.2500000000000000e-01,8.9183113215037684e-61,7.8964812744069767e-61,-8.0423297339704327e-61,-1.6084659467940865e-60,7.3013312796988147e-62
-1,LCP,5.1317812546510567e+01,1.0125000000000000e+02,-1.5229233381220245e-01,7.6562526412209819e-01,6.2500000000000000e-01,8.9181521684072989e-61,7.8960509793173938e-61,-8.0420327482921900e-61,-1.6084065496584380e-60,7.3013765114031098e-62
-1,LCP,5.1317812546510567e+01,1.2374999999999999e+02,-4.3369187414714322e-01,6.4906575806981104e-01,6.2500000000000000e-01,7.9071411419848828e-61,7.3851086314878416e-61,-7.3173265745411445e-61,-1.4634653149082289e-60,6.5759662439043613e-62
-1,LCP,5.1317812546510567e+01,1.4625000000000000e+02,-6.4906575806981104e-01,4.3369187414714344e-01,6.2500000000000000e-01,6.9122729657763856e-61,7.0961407040972024e-61,-6.7265900454931995e-61,-1.3453180090986399e-60,5.5523357888719038e-62
-1,LCP,5.1317812546510567e+01,1.6875000000000000e+02,-7.6562526412209819e-01,1.5229233381220278e-01,6.2500000000000000e-01,6.5151555283310099e-61,7.1973233827277278e-61,-6.6147316839813615e-61,-1.3229463367962723e-60,4.8301554309601530e-62
-1,LCP,5.1317812546510567e+01,1.9125000000000000e+02,-7.6562526412209819e-01,-1.5229233381220258e-01,6.2500000000000000e-01,6.5148933963010344e-61,7.1975846247233318e-61,-6.6147266373690424e-61,-1.3229453274738085e-60,4.8302474628628140e-62
-1,LCP,5.1317812546510567e+01,2.1375000000000000e+02,-6.4906575806981104e-01,-4.3369187414714322e-01,6.2500000000000000e-01,6.9116444574419528e-61,7.0967783923922847e-61,-6.7265818539741925e-61,-1.3453163707948385e-60,5.5525914188585433e-62
-1,LCP,5.1317812546510567e+01,2.3625000000000000e+02,-4.3369187414714344e-01,-6.4906575806981093e-01,6.2500000000000000e-01,7.9065093227006512e-61,7.3857564619958855e-61,-7.3173156542715294e-61,-1.4634631308543059e-60,6.5763447615347727e-62
-1,LCP,5.1317812546510567e+01,2.5875000000000000e+02,-1.5229233381220281e-01,-7.6562526412209819e-01,6.2500000000000000e-01,8.9178898704674816e-61,7.8963336096089548e-61,-8.0420208259277869e-61,-1.6084041651855574e-60,7.3018182822086435e-62
-1,LCP,5.1317812546510567e+01,2.8125000000000000e+02,1.5229233381220253e-01,-7.6562526412209819e-01,6.2500000000000000e-01,8.9185745005209735e-61,7.8962451716059644e-61,-8.0423201597416499e-61,-1.6084640319483300e-60,7.3017935264363884e-62
-1,LCP,5.1317812546510567e+01,3.0375000000000000e+02,4.3369187414714316e-01,-6.4906575806981104e-01,6.2500000000000000e-01,7.9081026059313960e-61,7.3853808924473096e-61,-7.3179284171007388e-61,-1.4635856834201478e-60,6.5762666417722744e-62
-1,LCP,5.1317812546510567e+01,3.2625000000000000e+02,6.4906575806981093e-01,-4.3369187414714344e-01,6.2500000000000000e-01,6.9132054559903738e-61,7.0960295824303574e-61,-6.7269926247129275e-61,-1.3453985249425855e-60,5.5524978899487471e-62
-1,LCP,5.1317812546510567e+01,3.4875000000000000e+02,7.6562526412209819e-01,-1.5229233381220286e-01,6.2500000000000000e-01,6.5158341241539704e-61,7.1967603380109774e-61,-6.6147892901783314e-61,-1.3229578580356663e-60,4.8301588180828466e-62
-1,LCP,2.8955024371859849e+01,1.1250000000000000e+01,4.7482063215088538e-01,9.4447696021838362e-02,8.7500000000000000e-01,7.2205673402711361e-61,6.2032169223267120e-61,-6.4748189354763962e-61,-1.2949637870952792e-60,4.7414639164505429e-62
-1,LCP,2.8955024371859849e+01,3.3750000000000000e+01,4.0253349516566195e-01,2.6896428251668664e-01,8.7500000000000000e-01,7.4459625219137741e-61,6.2351264042802745e-61,-6.5902635447303614e-61,-1.3180527089460723e-60,5.0056183673332536e-62
-1,LCP,2.8955024371859849e+01,5.6250000000000000e+01,2.6896428251668669e-01,4.0253349516566195e-01,8.7500000000000000e-01,7.8290388763536469e-61,6.3440832903443126e-61,-6.8175842475814351e-61,-1.3635168495162870e-60,5.3795367153508968e-62
-1,LCP,2.8955024371859849e+01,7.8750000000000000e+01,9.4447696021838404e-02,4.7482063215088538e-01,8.7500000000000000e-01,8.1453802207827562e-61,6.4663089532514505e-61,-7.0236351047215659e-61,-1.4047270209443132e-60,5.6441896459107477e-62
-1,LCP,2.8955024371859849e+01,1.0125000000000000e+02,-9.4447696021838334e-02,4.7482063215088538e-01,8.7500000000000000e-01,8.1453151999579120e-61,6.4661813795458517e-61,-7.0235366316129197e-61,-1.4047073263225839e-60,5.6442331627792557e-62
-1,LCP,2.8955024371859849e+01,1.2374999999999999e+02,-2.6896428251668653e-01,4.0253349516566200e-01,8.7500000000000000e-01,7.8288702474628730e-61,6.3438595030680816e-61,-6.8173823716142455e-61,-1.3634764743228491e-60,5.3796500730246598e-62
-1,LCP,2.8955024371859849e+01,1.4625000000000000e+02,-4.0253349516566195e-01,2.6896428251668664e-01,8.7500000000000000e-01,7.4457086921364469e-61,6.2351272206615798e-61,-6.5901292989598948e-61,-1.3180258597919790e-60,5.0057731487823755e-62
-1,LCP,2.8955024371859849e+01,1.6875000000000000e+02,-4.7482063215088538e-01,9.4447696021838543e-02,8.7500000000000000e-01,7.2201490700222252e-61,6.2036141295600066e-61,-6.4747997811640499e-61,-1.2949599562328100e-60,4.7416363725413279e-62
-1,LCP,2.8955024371859849e+01,1.9125000000000000e+02,-4.7482063215088538e-01,-9.4447696021838418e-02,8.7500000000000000e-01,7.2200079300797344e-61,6.2037568236618821e-61,-6.4747975710879640e-61,-1.2949595142175928e-60,4.7416961156568997e-62
-1,LCP,2.8955024371859849e+01,2.1375000000000000e+02,-4.0253349516566200e-01,-2.6896428251668653e-01,8.7500000000000000e-01,7.4453694147303149e-61,6.2354729867805114e-61,-6.5901245799484743e-61,-1.3180249159896949e-60,5.0059324161387689e-62
-1,LCP,2.8955024371859849e+01,2.3625000000000000e+02,-2.6896428251668664e-01,-4.0253349516566195e-01,8.7500000000000000e-01,7.8285304061822053e-61,6.3442104478754333e-61,-6.8173758772742567e-61,-1.3634751754548513e-60,5.3798909950912470e-62
-1,LCP,2.8955024371859849e+01,2.5875000000000000e+02,-9.4447696021838570e-02,-4.7482063215088532e-01,8.7500000000000000e-01,8.1451743359742303e-61,6.4663378390561893e-61,-7.0235302259317295e-61,-1.4047060451863459e-60,5.6445172316695974e-62
-1,LCP,2.8955024371859849e+01,2.8125000000000000e+02,9.4447696021838390e-02,-4.7482063215088538e-01,8.7500000000000000e-01,8.1455219415683436e-61,6.4661864444932900e-61,-7.0236302642070650e-61,-1.4047260528414130e-60,5.6444785764750157e-62
-1,LCP,2.8955024371859849e+01,3.0375000000000000e+02,2.6896428251668647e-01,-4.0253349516566200e-01,8.7500000000000000e-01,7.8293801163009941e-61,6.3437610752472325e-61,-6.8175815067389861e-61,-1.3635163013477972e-60,5.3797817807025379e-62
-1,LCP,2.8955024371859849e+01,3.2625000000000000e+02,4.0253349516566195e-01,-2.6896428251668664e-01,8.7500000000000000e-01,7.4463021066677665e-61,6.2348011144334180e-61,-6.5902627774541626e-61,-1.3180525554908325e-60,5.0057766619286101e-62
-1,LCP,2.8955024371859849e+01,3.4875000000000000e+02,4.7482063215088532e-01,-9.4447696021838598e-02,8.7500000000000000e-01,7.2207074023149287e-61,6.2030809576684634e-61,-6.4748184572102400e-61,-1.2949636914420480e-60,4.7415144556291167e-62
