helicity,polarization,theta_deg,phi_deg,direction_x,direction_y,direction_z,spin_pct_S0,orbital_pct_S0,correlation_reduction_pct_S0,correlation_increase_pct_S0
1,RCP,1.5104497562814015e+02,1.1250000000000000e+01,4.7482063215088538e-01,9.4447696021838362e-02,-8.7500000000000000e-01,5.3785268370181846e+01,4.6214731629818147e+01,9.6467686711667369e+01,0.0000000000000000e+00
1,RCP,1.5104497562814015e+02,3.3750000000000000e+01,4.0253349516566195e-01,2.6896428251668664e-01,-8.7500000000000000e-01,5.4421863107027029e+01,4.5578136892972971e+01,9.6340915025570823e+01,0.0000000000000000e+00
1,RCP,1.5104497562814015e+02,5.6250000000000000e+01,2.6896428251668669e-01,4.0253349516566195e-01,-8.7500000000000000e-01,5.5236526459352206e+01,4.4763473540647787e+01,9.6204060103525862e+01,0.0000000000000000e+00
1,RCP,1.5104497562814015e+02,7.8750000000000000e+01,9.4447696021838404e-02,4.7482063215088538e-01,-8.7500000000000000e-01,5.5744908169536288e+01,4.4255091830463719e+01,9.6136938725715467e+01,0.0000000000000000e+00
1,RCP,1.5104497562814015e+02,1.0125000000000000e+02,-9.4447696021838334e-02,4.7482063215088538e-01,-8.7500000000000000e-01,5.5746541238122234e+01,4.4253458761877766e+01,9.6137018498183735e+01,0.0000000000000000e+00
1,RCP,1.5104497562814015e+02,1.2374999999999999e+02,-2.6896428251668653e-01,4.0253349516566200e-01,-8.7500000000000000e-01,5.5240963794477132e+01,4.4759036205522882e+01,9.6204242954756879e+01,0.0000000000000000e+00
1,RCP,1.5104497562814015e+02,1.4625000000000000e+02,-4.0253349516566195e-01,2.6896428251668664e-01,-8.7500000000000000e-01,5.4427642712156434e+01,4.5572357287843566e+01,9.6341101858965956e+01,0.0000000000000000e+00
1,RCP,1.5104497562814015e+02,1.6875000000000000e+02,-4.7482063215088538e-01,9.4447696021838543e-02,-8.7500000000000000e-01,5.3790384145901044e+01,4.6209615854098963e+01,9.6467825570511508e+01,0.0000000000000000e+00
1,RCP,1.5104497562814015e+02,1.9125000000000000e+02,-4.7482063215088538e-01,-9.4447696021838418e-02,-8.7500000000000000e-01,5.3789357191498695e+01,4.6210642808501319e+01,9.6467864992662953e+01,0.0000000000000000e+00
1,RCP,1.5104497562814015e+02,2.1375000000000000e+02,-4.0253349516566200e-01,-2.6896428251668653e-01,-8.7500000000000000e-01,5.4425218399868228e+01,4.5574781600131779e+01,9.6341215493516657e+01,0.0000000000000000e+00
1,RCP,1.5104497562814015e+02,2.3625000000000000e+02,-2.6896428251668664e-01,-4.0253349516566195e-01,-8.7500000000000000e-01,5.5238636287784580e+01,4.4761363712215420e+01,9.6204407350442892e+01,0.0000000000000000e+00
1,RCP,1.5104497562814015e+02,2.5875000000000000e+02,-9.4447696021838570e-02,-4.7482063215088532e-01,-8.7500000000000000e-01,5.5745644933848865e+01,4.4254355066151149e+01,9.6137207555869495e+01,0.0000000000000000e+00
1,RCP,1.5104497562814015e+02,2.8125000000000000e+02,9.4447696021838390e-02,-4.7482063215088538e-01,-8.7500000000000000e-01,5.5745932292038326e+01,4.4254067707961667e+01,9.6137127289139030e+01,0.0000000000000000e+00
1,RCP,1.5104497562814015e+02,3.0375000000000000e+02,2.6896428251668647e-01,-4.0253349516566200e-01,-8.7500000000000000e-01,5.5238974181177355e+01,4.4761025818822645e+01,9.6204220959964502e+01,0.0000000000000000e+00
1,RCP,1.5104497562814015e+02,3.2625000000000000e+02,4.0253349516566195e-01,-2.6896428251668664e-01,-8.7500000000000000e-01,5.4424368487567506e+01,4.5575631512432508e+01,9.6341033229189065e+01,0.0000000000000000e+00
1,RCP,1.5104497562814015e+02,3.4875000000000000e+02,4.7482063215088532e-01,-9.4447696021838598e-02,-8.7500000000000000e-01,5.3786324677547974e+01,4.6213675322452033e+01,9.6467729814524404e+01,0.0000000000000000e+00
1,RCP,1.2868218745348943e+02,1.1250000000000000e+01,7.6562526412209819e-01,1.5229233381220247e-01,-6.2500000000000000e-01,4.7510693206812405e+01,5.2489306793187588e+01,9.6477480737263036e+01,0.0000000000000000e+00
1,RCP,1.2868218745348943e+02,3.3750000000000000e+01,6.4906575806981093e-01,4.3369187414714344e-01,-6.2500000000000000e-01,4.9339197949816047e+01,5.0660802050183946e+01,9.6036249284676188e+01,0.0000000000000000e+00
1,RCP,1.2868218745348943e+02,5.6250000000000000e+01,4.3369187414714350e-01,6.4906575806981093e-01,-6.2500000000000000e-01,5.1702669140802421e+01,4.8297330859197579e+01,9.5699565220901121e+01,0.0000000000000000e+00
1,RCP,1.2868218745348943e+02,7.8750000000000000e+01,1.5229233381220256e-01,7.6562526412209819e-01,-6.2500000000000000e-01,5.3037772300645379e+01,4.6962227699354621e+01,9.5657356832572347e+01,0.0000000000000000e+00
1,RCP,1.2868218745348943e+02,1.0125000000000000e+02,-1.5229233381220245e-01,7.6562526412209819e-01,-6.2500000000000000e-01,5.3039962203014120e+01,4.6960037796985887e+01,9.5657521764482823e+01,0.0000000000000000e+00
1,RCP,1.2868218745348943e+02,1.2374999999999999e+02,-4.3369187414714322e-01,6.4906575806981104e-01,-6.2500000000000000e-01,5.1708969901698993e+01,4.8291030098301015e+01,9.5699955611195264e+01,0.0000000000000000e+00
1,RCP,1.2868218745348943e+02,1.4625000000000000e+02,-6.4906575806981104e-01,4.3369187414714344e-01,-6.2500000000000000e-01,4.9347491014181394e+01,5.0652508985818599e+01,9.6036545194583624e+01,0.0000000000000000e+00
1,RCP,1.2868218745348943e+02,1.6875000000000000e+02,-7.6562526412209819e-01,1.5229233381220278e-01,-6.2500000000000000e-01,4.7517148609820502e+01,5.2482851390179498e+01,9.6477575989511237e+01,0.0000000000000000e+00
1,RCP,1.2868218745348943e+02,1.9125000000000000e+02,-7.6562526412209819e-01,-1.5229233381220258e-01,-6.2500000000000000e-01,4.7515281231782481e+01,5.2484718768217512e+01,9.6477636131717276e+01,0.0000000000000000e+00
1,RCP,1.2868218745348943e+02,2.1375000000000000e+02,-6.4906575806981104e-01,-4.3369187414714322e-01,-6.2500000000000000e-01,4.9343085891505481e+01,5.0656914108494526e+01,9.6036722996262867e+01,0.0000000000000000e+00
1,RCP,1.2868218745348943e+02,2.3625000000000000e+02,-4.3369187414714344e-01,-6.4906575806981093e-01,-6.2500000000000000e-01,5.1704933719607013e+01,4.8295066280392987e+01,9.5700204128046721e+01,0.0000000000000000e+00
1,RCP,1.2868218745348943e+02,2.5875000000000000e+02,-1.5229233381220281e-01,-7.6562526412209819e-01,-6.2500000000000000e-01,5.3038486809831724e+01,4.6961513190168283e+01,9.5657796406766920e+01,0.0000000000000000e+00
1,RCP,1.2868218745348943e+02,2.8125000000000000e+02,1.5229233381220253e-01,-7.6562526412209819e-01,-6.2500000000000000e-01,5.3039401423231674e+01,4.6960598576768326e+01,9.5657614293799270e+01,0.0000000000000000e+00
1,RCP,1.2868218745348943e+02,3.0375000000000000e+02,4.3369187414714316e-01,-6.4906575806981104e-01,-6.2500000000000000e-01,5.1706851708681725e+01,4.8293148291318282e+01,9.5699801929595978e+01,0.0000000000000000e+00
1,RCP,1.2868218745348943e+02,3.2625000000000000e+02,6.4906575806981093e-01,-4.3369187414714344e-01,-6.2500000000000000e-01,4.9343720081592110e+01,5.0656279918407890e+01,9.6036429462730524e+01,0.0000000000000000e+00
1,RCP,1.2868218745348943e+02,3.4875000000000000e+02,7.6562526412209819e-01,-1.5229233381220286e-01,-6.2500000000000000e-01,4.7512603193877226e+01,5.2487396806122767e+01,9.6477548607457592e+01,0.0000000000000000e+00
1,RCP,1.1202431283704216e+02,1.1250000000000000e+01,9.0921228908651663e-01,1.8085356887287701e-01,-3.7500000000000000e-01,4.3489550763248360e+01,5.6510449236751633e+01,9.6531444647267776e+01,0.0000000000000000e+00
1,RCP,1.1202431283704216e+02,3.3750000000000000e+01,7.7079296010301923e-01,5.1502739019941979e-01,-3.7500000000000000e-01,4.6024028378317375e+01,5.3975971621682632e+01,9.5792463485753260e+01,0.0000000000000000e+00
1,RCP,1.1202431283704216e+02,5.6250000000000000e+01,5.1502739019941990e-01,7.7079296010301923e-01,-3.7500000000000000e-01,4.9625637031582784e+01,5.0374362968417223e+01,9.5329252483373097e+01,0.0000000000000000e+00
1,RCP,1.1202431283704216e+02,7.8750000000000000e+01,1.8085356887287707e-01,9.0921228908651663e-01,-3.7500000000000000e-01,5.1601610064088504e+01,4.8398389935911496e+01,9.5390298440941322e+01,0.0000000000000000e+00
1,RCP,1.1202431283704216e+02,1.0125000000000000e+02,-1.8085356887287696e-01,9.0921228908651663e-01,-3.7500000000000000e-01,5.1603255994837774e+01,4.8396744005162226e+01,9.5390454263725488e+01,0.0000000000000000e+00
1,RCP,1.1202431283704216e+02,1.2374999999999999e+02,-5.1502739019941968e-01,7.7079296010301934e-01,-3.7500000000000000e-01,4.9630649193444093e+01,5.0369350806555914e+01,9.5329628076323502e+01,0.0000000000000000e+00
1,RCP,1.1202431283704216e+02,1.4625000000000000e+02,-7.7079296010301923e-01,5.1502739019941979e-01,-3.7500000000000000e-01,4.6030766831173054e+01,5.3969233168826932e+01,9.5792714733646065e+01,0.0000000000000000e+00
1,RCP,1.1202431283704216e+02,1.6875000000000000e+02,-9.0921228908651663e-01,1.8085356887287735e-01,-3.7500000000000000e-01,4.3494377247114905e+01,5.6505622752885088e+01,9.6531484192370996e+01,0.0000000000000000e+00
1,RCP,1.1202431283704216e+02,1.9125000000000000e+02,-9.0921228908651663e-01,-1.8085356887287710e-01,-3.7500000000000000e-01,4.3492814871749900e+01,5.6507185128250107e+01,9.6531554106577047e+01,0.0000000000000000e+00
1,RCP,1.1202431283704216e+02,2.1375000000000000e+02,-7.7079296010301934e-01,-5.1502739019941968e-01,-3.7500000000000000e-01,4.6027021842963059e+01,5.3972978157036941e+01,9.5792942470186418e+01,0.0000000000000000e+00
1,RCP,1.1202431283704216e+02,2.3625000000000000e+02,-5.1502739019941979e-01,-7.7079296010301923e-01,-3.7500000000000000e-01,4.9627346614517741e+01,5.0372653385482259e+01,9.5329930963490781e+01,0.0000000000000000e+00
1,RCP,1.1202431283704216e+02,2.5875000000000000e+02,-1.8085356887287740e-01,-9.0921228908651652e-01,-3.7500000000000000e-01,5.1602121135064152e+01,4.8397878864935855e+01,9.5390739385422421e+01,0.0000000000000000e+00
1,RCP,1.1202431283704216e+02,2.8125000000000000e+02,1.8085356887287704e-01,-9.0921228908651663e-01,-3.7500000000000000e-01,5.1602892589307316e+01,4.8397107410692684e+01,9.5390581690654855e+01,0.0000000000000000e+00
1,RCP,1.1202431283704216e+02,3.0375000000000000e+02,5.1502739019941957e-01,-7.7079296010301934e-01,-3.7500000000000000e-01,4.9629092802138985e+01,5.0370907197861023e+01,9.5329523992905678e+01,0.0000000000000000e+00
1,RCP,1.1202431283704216e+02,3.2625000000000000e+02,7.7079296010301923e-01,-5.1502739019941979e-01,-3.7500000000000000e-01,4.6027900584479923e+01,5.3972099415520084e+01,9.5792667001295868e+01,0.0000000000000000e+00
1,RCP,1.1202431283704216e+02,3.4875000000000000e+02,9.0921228908651652e-01,-1.8085356887287743e-01,-3.7500000000000000e-01,4.3491156464454846e+01,5.6508843535545161e+01,9.6531524251278640e+01,0.0000000000000000e+00
1,RCP,9.7180755781458288e+01,1.1250000000000000e+01,9.7309272806238722e-01,1.9356017821881918e-01,-1.2500000000000000e-01,4.1510443137166249e+01,5.8489556862833737e+01,9.6572308335361100e+01,0.0000000000000000e+00
1,RCP,9.7180755781458288e+01,3.3750000000000000e+01,8.2494818132243475e-01,5.5121275215002719e-01,-1.2500000000000000e-01,4.4321055668793008e+01,5.5678944331206992e+01,9.5653485302432429e+01,0.0000000000000000e+00
1,RCP,9.7180755781458288e+01,5.6250000000000000e+01,5.5121275215002730e-01,8.2494818132243475e-01,-1.2500000000000000e-01,4.8625852140470350e+01,5.1374147859529650e+01,9.5128493006471970e+01,0.0000000000000000e+00
1,RCP,9.7180755781458288e+01,7.8750000000000000e+01,1.9356017821881927e-01,9.7309272806238722e-01,-1.2500000000000000e-01,5.0965548519967626e+01,4.9034451480032388e+01,9.5268313969205195e+01,0.0000000000000000e+00
1,RCP,9.7180755781458288e+01,1.0125000000000000e+02,-1.9356017821881913e-01,9.7309272806238722e-01,-1.2500000000000000e-01,5.0966150488939483e+01,4.9033849511060509e+01,9.5268370547555250e+01,0.0000000000000000e+00
1,RCP,9.7180755781458288e+01,1.2374999999999999e+02,-5.5121275215002696e-01,8.2494818132243497e-01,-1.2500000000000000e-01,4.8627741136919489e+01,5.1372258863080511e+01,9.5128658921736545e+01,0.0000000000000000e+00
1,RCP,9.7180755781458288e+01,1.4625000000000000e+02,-8.2494818132243486e-01,5.5121275215002719e-01,-1.2500000000000000e-01,4.4323631394185760e+01,5.5676368605814247e+01,9.5653593300324232e+01,0.0000000000000000e+00
1,RCP,9.7180755781458288e+01,1.6875000000000000e+02,-9.7309272806238722e-01,1.9356017821881955e-01,-1.2500000000000000e-01,4.1512204252558163e+01,5.8487795747441822e+01,9.6572315488438321e+01,0.0000000000000000e+00
1,RCP,9.7180755781458288e+01,1.9125000000000000e+02,-9.7309272806238722e-01,-1.9356017821881930e-01,-1.2500000000000000e-01,4.1511626581997625e+01,5.8488373418002389e+01,9.6572396983735345e+01,0.0000000000000000e+00
1,RCP,9.7180755781458288e+01,2.1375000000000000e+02,-8.2494818132243497e-01,-5.5121275215002696e-01,-1.2500000000000000e-01,4.4322228166999672e+01,5.5677771833000328e+01,9.5653820924002133e+01,0.0000000000000000e+00
1,RCP,9.7180755781458288e+01,2.3625000000000000e+02,-5.5121275215002719e-01,-8.2494818132243475e-01,-1.2500000000000000e-01,4.8626542203360451e+01,5.1373457796639535e+01,9.5128960086516017e+01,0.0000000000000000e+00
1,RCP,9.7180755781458288e+01,2.5875000000000000e+02,-1.9356017821881960e-01,-9.7309272806238711e-01,-1.2500000000000000e-01,5.0965772596904124e+01,4.9034227403095883e+01,9.5268682560175549e+01,0.0000000000000000e+00
1,RCP,9.7180755781458288e+01,2.8125000000000000e+02,1.9356017821881924e-01,-9.7309272806238722e-01,-1.2500000000000000e-01,5.0966061608209912e+01,4.9033938391790080e+01,9.5268616115821516e+01,0.0000000000000000e+00
1,RCP,9.7180755781458288e+01,3.0375000000000000e+02,5.5121275215002685e-01,-8.2494818132243497e-01,-1.2500000000000000e-01,4.8627207704854129e+01,5.1372792295145871e+01,9.5128793039115280e+01,0.0000000000000000e+00
1,RCP,9.7180755781458288e+01,3.2625000000000000e+02,8.2494818132243475e-01,-5.5121275215002719e-01,-1.2500000000000000e-01,4.4322591239565469e+01,5.5677408760434538e+01,9.5653718728141357e+01,0.0000000000000000e+00
1,RCP,9.7180755781458288e+01,3.4875000000000000e+02,9.7309272806238711e-01,-1.9356017821881966e-01,-1.2500000000000000e-01,4.1511068993553337e+01,5.8488931006446656e+01,9.6572389029495895e+01,0.0000000000000000e+00
1,RCP,8.2819244218541726e+01,1.1250000000000000e+01,9.7309272806238722e-01,1.9356017821881918e-01,1.2500000000000000e-01,4.1512203644151747e+01,5.8487796355848261e+01,9.6572315728529802e+01,0.0000000000000000e+00
1,RCP,8.2819244218541726e+01,3.3750000000000000e+01,8.2494818132243475e-01,5.5121275215002719e-01,1.2500000000000000e-01,4.4323633462705864e+01,5.5676366537294143e+01,9.5653594979113137e+01,0.0000000000000000e+00
1,RCP,8.2819244218541726e+01,5.6250000000000000e+01,5.5121275215002730e-01,8.2494818132243475e-01,1.2500000000000000e-01,4.8627739990758919e+01,5.1372260009241081e+01,9.5128651271379482e+01,0.0000000000000000e+00
1,RCP,8.2819244218541726e+01,7.8750000000000000e+01,1.9356017821881927e-01,9.7309272806238722e-01,1.2500000000000000e-01,5.0966147818279076e+01,4.9033852181720924e+01,9.5268379429294171e+01,0.0000000000000000e+00
1,RCP,8.2819244218541726e+01,1.0125000000000000e+02,-1.9356017821881913e-01,9.7309272806238722e-01,1.2500000000000000e-01,5.0965546472297042e+01,4.9034453527702958e+01,9.5268321381197836e+01,0.0000000000000000e+00
1,RCP,8.2819244218541726e+01,1.2374999999999999e+02,-5.5121275215002696e-01,8.2494818132243497e-01,1.2500000000000000e-01,4.8625853278424408e+01,5.1374146721575606e+01,9.5128498873723103e+01,0.0000000000000000e+00
1,RCP,8.2819244218541726e+01,1.4625000000000000e+02,-8.2494818132243486e-01,5.5121275215002719e-01,1.2500000000000000e-01,4.4321054092739942e+01,5.5678945907260051e+01,9.5653483681864401e+01,0.0000000000000000e+00
1,RCP,8.2819244218541726e+01,1.6875000000000000e+02,-9.7309272806238722e-01,1.9356017821881955e-01,1.2500000000000000e-01,4.1510445411434958e+01,5.8489554588565042e+01,9.6572309751130817e+01,0.0000000000000000e+00
1,RCP,8.2819244218541726e+01,1.9125000000000000e+02,-9.7309272806238722e-01,-1.9356017821881930e-01,1.2500000000000000e-01,4.1511071442572927e+01,5.8488928557427066e+01,9.6572390179714702e+01,0.0000000000000000e+00
1,RCP,8.2819244218541726e+01,2.1375000000000000e+02,-8.2494818132243497e-01,-5.5121275215002696e-01,1.2500000000000000e-01,4.4322590835132416e+01,5.5677409164867591e+01,9.5653715898871212e+01,0.0000000000000000e+00
1,RCP,8.2819244218541726e+01,2.3625000000000000e+02,-5.5121275215002719e-01,-8.2494818132243475e-01,1.2500000000000000e-01,4.8627208760804770e+01,5.1372791239195237e+01,9.5128801997744674e+01,0.0000000000000000e+00
1,RCP,8.2819244218541726e+01,2.5875000000000000e+02,-1.9356017821881960e-01,-9.7309272806238711e-01,1.2500000000000000e-01,5.0966064578433176e+01,4.9033935421566817e+01,9.5268606377096248e+01,0.0000000000000000e+00
1,RCP,8.2819244218541726e+01,2.8125000000000000e+02,1.9356017821881924e-01,-9.7309272806238722e-01,1.2500000000000000e-01,5.0965774826498098e+01,4.9034225173501895e+01,9.5268675741370942e+01,0.0000000000000000e+00
1,RCP,8.2819244218541726e+01,3.0375000000000000e+02,5.5121275215002685e-01,-8.2494818132243497e-01,1.2500000000000000e-01,4.8626540415167582e+01,5.1373459584832432e+01,9.5128956514782388e+01,0.0000000000000000e+00
1,RCP,8.2819244218541726e+01,3.2625000000000000e+02,8.2494818132243475e-01,-5.5121275215002719e-01,1.2500000000000000e-01,4.4322229575091221e+01,5.5677770424908786e+01,9.5653822457680548e+01,0.0000000000000000e+00
1,RCP,8.2819244218541726e+01,3.4875000000000000e+02,9.7309272806238711e-01,-1.9356017821881966e-01,1.2500000000000000e-01,4.1511625813813474e+01,5.8488374186186533e+01,9.6572396109370430e+01,0.0000000000000000e+00
1,RCP,6.7975687162957840e+01,1.1250000000000000e+01,9.0921228908651663e-01,1.8085356887287701e-01,3.7500000000000000e-01,4.3494374883884284e+01,5.6505625116115716e+01,9.6531482425290008e+01,0.0000000000000000e+00
1,RCP,6.7975687162957840e+01,3.3750000000000000e+01,7.7079296010301923e-01,5.1502739019941979e-01,3.7500000000000000e-01,4.6030768732693389e+01,5.3969231267306618e+01,9.5792717723207744e+01,0.0000000000000000e+00
1,RCP,6.7975687162957840e+01,5.6250000000000000e+01,5.1502739019941990e-01,7.7079296010301923e-01,3.7500000000000000e-01,4.9630648092228952e+01,5.0369351907771055e+01,9.5329630119704518e+01,0.0000000000000000e+00
1,RCP,6.7975687162957840e+01,7.8750000000000000e+01,1.8085356887287707e-01,9.0921228908651663e-01,3.7500000000000000e-01,5.1603257368143971e+01,4.8396742631856043e+01,9.5390451283445458e+01,0.0000000000000000e+00
1,RCP,6.7975687162957840e+01,1.0125000000000000e+02,-1.8085356887287696e-01,9.0921228908651663e-01,3.7500000000000000e-01,5.1601613635549931e+01,4.8398386364450069e+01,9.5390286251068929e+01,0.0000000000000000e+00
1,RCP,6.7975687162957840e+01,1.2374999999999999e+02,-5.1502739019941968e-01,7.7079296010301934e-01,3.7500000000000000e-01,4.9625635044906993e+01,5.0374364955093000e+01,9.5329258465063504e+01,0.0000000000000000e+00
1,RCP,6.7975687162957840e+01,1.4625000000000000e+02,-7.7079296010301923e-01,5.1502739019941979e-01,3.7500000000000000e-01,4.6024027134804214e+01,5.3975972865195793e+01,9.5792462204866354e+01,0.0000000000000000e+00
1,RCP,6.7975687162957840e+01,1.6875000000000000e+02,-9.0921228908651663e-01,1.8085356887287735e-01,3.7500000000000000e-01,4.3489551709154348e+01,5.6510448290845638e+01,9.6531444274358790e+01,0.0000000000000000e+00
1,RCP,6.7975687162957840e+01,1.9125000000000000e+02,-9.0921228908651663e-01,-1.8085356887287710e-01,3.7500000000000000e-01,4.3491159850865408e+01,5.6508840149134585e+01,9.6531524354455470e+01,0.0000000000000000e+00
1,RCP,6.7975687162957840e+01,2.1375000000000000e+02,-7.7079296010301934e-01,-5.1502739019941968e-01,3.7500000000000000e-01,4.6027899090698476e+01,5.3972100909301524e+01,9.5792663977986351e+01,0.0000000000000000e+00
1,RCP,6.7975687162957840e+01,2.3625000000000000e+02,-5.1502739019941979e-01,-7.7079296010301923e-01,3.7500000000000000e-01,4.9629091645746982e+01,5.0370908354253025e+01,9.5329526701302612e+01,0.0000000000000000e+00
1,RCP,6.7975687162957840e+01,2.5875000000000000e+02,-1.8085356887287740e-01,-9.0921228908651652e-01,3.7500000000000000e-01,5.1602891691309487e+01,4.8397108308690513e+01,9.5390583816334001e+01,0.0000000000000000e+00
1,RCP,6.7975687162957840e+01,2.8125000000000000e+02,1.8085356887287704e-01,-9.0921228908651663e-01,3.7500000000000000e-01,5.1602118420760185e+01,4.8397881579239822e+01,9.5390748649077111e+01,0.0000000000000000e+00
1,RCP,6.7975687162957840e+01,3.0375000000000000e+02,5.1502739019941957e-01,-7.7079296010301934e-01,3.7500000000000000e-01,4.9627348258247125e+01,5.0372651741752868e+01,9.5329925887849427e+01,0.0000000000000000e+00
1,RCP,6.7975687162957840e+01,3.2625000000000000e+02,7.7079296010301923e-01,-5.1502739019941979e-01,3.7500000000000000e-01,4.6027023651792369e+01,5.3972976348207645e+01,9.5792944859076698e+01,0.0000000000000000e+00
1,RCP,6.7975687162957840e+01,3.4875000000000000e+02,9.0921228908651652e-01,-1.8085356887287743e-01,3.7500000000000000e-01,4.3492815546979024e+01,5.6507184453020969e+01,9.6531552531803996e+01,0.0000000000000000e+00
1,RCP,5.1317812546510567e+01,1.1250000000000000e+01,7.6562526412209819e-01,1.5229233381220247e-01,6.2500000000000000e-01,4.7517149369150268e+01,5.2482850630849740e+01,9.6477574723950852e+01,0.0000000000000000e+00
1,RCP,5.1317812546510567e+01,3.3750000000000000e+01,6.4906575806981093e-01,4.3369187414714344e-01,6.2500000000000000e-01,4.9347485392871697e+01,5.0652514607128296e+01,9.6036545451203779e+01,0.0000000000000000e+00
1,RCP,5.1317812546510567e+01,5.6250000000000000e+01,4.3369187414714350e-01,6.4906575806981093e-01,6.2500000000000000e-01,5.1708969429730075e+01,4.8291030570269911e+01,9.5699952857145064e+01,0.0000000000000000e+00
1,RCP,5.1317812546510567e+01,7.8750000000000000e+01,1.5229233381220256e-01,7.6562526412209819e-01,6.2500000000000000e-01,5.3039964591868340e+01,4.6960035408131652e+01,9.5657523423105758e+01,0.0000000000000000e+00
1,RCP,5.1317812546510567e+01,1.0125000000000000e+02,-1.5229233381220245e-01,7.6562526412209819e-01,6.2500000000000000e-01,5.3037773591298475e+01,4.6962226408701518e+01,9.5657357621211503e+01,0.0000000000000000e+00
1,RCP,5.1317812546510567e+01,1.2374999999999999e+02,-4.3369187414714322e-01,6.4906575806981104e-01,6.2500000000000000e-01,5.1702668244859829e+01,4.8297331755140185e+01,9.5699560020678021e+01,0.0000000000000000e+00
1,RCP,5.1317812546510567e+01,1.4625000000000000e+02,-6.4906575806981104e-01,4.3369187414714344e-01,6.2500000000000000e-01,4.9339205173428098e+01,5.0660794826571902e+01,9.6036249255878346e+01,0.0000000000000000e+00
1,RCP,5.1317812546510567e+01,1.6875000000000000e+02,-7.6562526412209819e-01,1.5229233381220278e-01,6.2500000000000000e-01,4.7510693223201478e+01,5.2489306776798522e+01,9.6477480847999118e+01,0.0000000000000000e+00
1,RCP,5.1317812546510567e+01,1.9125000000000000e+02,-7.6562526412209819e-01,-1.5229233381220258e-01,6.2500000000000000e-01,4.7512603131226257e+01,5.2487396868773729e+01,9.6477548186576016e+01,0.0000000000000000e+00
1,RCP,5.1317812546510567e+01,2.1375000000000000e+02,-6.4906575806981104e-01,-4.3369187414714322e-01,6.2500000000000000e-01,4.9343724089245057e+01,5.0656275910754928e+01,9.6036427598369372e+01,0.0000000000000000e+00
1,RCP,5.1317812546510567e+01,2.3625000000000000e+02,-4.3369187414714344e-01,-6.4906575806981093e-01,6.2500000000000000e-01,5.1706852503548454e+01,4.8293147496451553e+01,9.5699805408330420e+01,0.0000000000000000e+00
1,RCP,5.1317812546510567e+01,2.5875000000000000e+02,-1.5229233381220281e-01,-7.6562526412209819e-01,6.2500000000000000e-01,5.3039398091593220e+01,4.6960601908406787e+01,9.5657612467881719e+01,0.0000000000000000e+00
1,RCP,5.1317812546510567e+01,2.8125000000000000e+02,1.5229233381220253e-01,-7.6562526412209819e-01,6.2500000000000000e-01,5.3038484988605767e+01,4.6961515011394219e+01,9.5657795901939835e+01,0.0000000000000000e+00
1,RCP,5.1317812546510567e+01,3.0375000000000000e+02,4.3369187414714316e-01,-6.4906575806981104e-01,6.2500000000000000e-01,5.1704934920728213e+01,4.8295065079271779e+01,9.5700206796071456e+01,0.0000000000000000e+00
1,RCP,5.1317812546510567e+01,3.2625000000000000e+02,6.4906575806981093e-01,-4.3369187414714344e-01,6.2500000000000000e-01,4.9343079431130988e+01,5.0656920568869012e+01,9.6036724673575421e+01,0.0000000000000000e+00
1,RCP,5.1317812546510567e+01,3.4875000000000000e+02,7.6562526412209819e-01,-1.5229233381220286e-01,6.2500000000000000e-01,4.7515284011089399e+01,5.2484715988910601e+01,9.6477636265985424e+01,0.0000000000000000e+00
1,RCP,2.8955024371859849e+01,1.1250000000000000e+01,4.7482063215088538e-01,9.4447696021838362e-02,8.7500000000000000e-01,5.3790384477791882e+01,4.6209615522208118e+01,9.6467826621504145e+01,0.0000000000000000e+00
1,RCP,2.8955024371859849e+01,3.3750000000000000e+01,4.0253349516566195e-01,2.6896428251668664e-01,8.7500000000000000e-01,5.4427643206200287e+01,4.5572356793799713e+01,9.6341102013077702e+01,0.0000000000000000e+00
1,RCP,2.8955024371859849e+01,5.6250000000000000e+01,2.6896428251668669e-01,4.0253349516566195e-01,8.7500000000000000e-01,5.5240965865964121e+01,4.4759034134035879e+01,9.6204242117796525e+01,0.0000000000000000e+00
1,RCP,2.8955024371859849e+01,7.8750000000000000e+01,9.4447696021838404e-02,4.7482063215088538e-01,8.7500000000000000e-01,5.5746539200640392e+01,4.4253460799359594e+01,9.6137018754542979e+01,0.0000000000000000e+00
1,RCP,2.8955024371859849e+01,1.0125000000000000e+02,-9.4447696021838334e-02,4.7482063215088538e-01,8.7500000000000000e-01,5.5744908369764964e+01,4.4255091630235022e+01,9.6136939425294301e+01,0.0000000000000000e+00
1,RCP,2.8955024371859849e+01,1.2374999999999999e+02,-2.6896428251668653e-01,4.0253349516566200e-01,8.7500000000000000e-01,5.5236531314280249e+01,4.4763468685719744e+01,9.6204056277155843e+01,0.0000000000000000e+00
1,RCP,2.8955024371859849e+01,1.4625000000000000e+02,-4.0253349516566195e-01,2.6896428251668664e-01,8.7500000000000000e-01,5.4421863620570313e+01,4.5578136379429672e+01,9.6340918270370366e+01,0.0000000000000000e+00
1,RCP,2.8955024371859849e+01,1.6875000000000000e+02,-4.7482063215088538e-01,9.4447696021838543e-02,8.7500000000000000e-01,5.3785267380931948e+01,4.6214732619068052e+01,9.6467686047415086e+01,0.0000000000000000e+00
1,RCP,2.8955024371859849e+01,1.9125000000000000e+02,-4.7482063215088538e-01,-9.4447696021838418e-02,8.7500000000000000e-01,5.3786326193639518e+01,4.6213673806360489e+01,9.6467730130544354e+01,0.0000000000000000e+00
1,RCP,2.8955024371859849e+01,2.1375000000000000e+02,-4.0253349516566200e-01,-2.6896428251668653e-01,8.7500000000000000e-01,5.4424368758225818e+01,4.5575631241774175e+01,9.6341033928317799e+01,0.0000000000000000e+00
1,RCP,2.8955024371859849e+01,2.3625000000000000e+02,-2.6896428251668664e-01,-4.0253349516566195e-01,8.7500000000000000e-01,5.5238971415393856e+01,4.4761028584606152e+01,9.6204225642967884e+01,0.0000000000000000e+00
1,RCP,2.8955024371859849e+01,2.5875000000000000e+02,-9.4447696021838570e-02,-4.7482063215088532e-01,8.7500000000000000e-01,5.5745933575537173e+01,4.4254066424462835e+01,9.6137128294835733e+01,0.0000000000000000e+00
1,RCP,2.8955024371859849e+01,2.8125000000000000e+02,9.4447696021838390e-02,-4.7482063215088538e-01,8.7500000000000000e-01,5.5745643862793621e+01,4.4254356137206372e+01,9.6137208889177813e+01,0.0000000000000000e+00
1,RCP,2.8955024371859849e+01,3.0375000000000000e+02,2.6896428251668647e-01,-4.0253349516566200e-01,8.7500000000000000e-01,5.5238631689315667e+01,4.4761368310684318e+01,9.6204409704119684e+01,0.0000000000000000e+00
1,RCP,2.8955024371859849e+01,3.2625000000000000e+02,4.0253349516566195e-01,-2.6896428251668664e-01,8.7500000000000000e-01,5.4425218561182021e+01,4.5574781438817986e+01,9.6341213030248369e+01,0.0000000000000000e+00
1,RCP,2.8955024371859849e+01,3.4875000000000000e+02,4.7482063215088532e-01,-9.4447696021838598e-02,8.7500000000000000e-01,5.3789356960634152e+01,4.6210643039365856e+01,9.6467864333646645e+01,0.0000000000000000e+00
-1,LCP,1.5104497562814015e+02,1.1250000000000000e+01,4.7482063215088538e-01,9.4447696021838362e-02,-8.7500000000000000e-01,5.3786323907391633e+01,4.6213676092608360e+01,9.6467731033793399e+01,0.0000000000000000e+00
-1,LCP,1.5104497562814015e+02,3.3750000000000000e+01,4.0253349516566195e-01,2.6896428251668664e-01,-8.7500000000000000e-01,5.4424368587465089e+01,4.5575631412534911e+01,9.6341034312154932e+01,0.0000000000000000e+00
-1,LCP,1.5104497562814015e+02,5.6250000000000000e+01,2.6896428251668669e-01,4.0253349516566195e-01,-8.7500000000000000e-01,5.5238974064528527e+01,4.4761025935471459e+01,9.6204221411899638e+01,0.0000000000000000e+00
-1,LCP,1.5104497562814015e+02,7.8750000000000000e+01,9.4447696021838404e-02,4.7482063215088538e-01,-8.7500000000000000e-01,5.5745931594322052e+01,4.4254068405677941e+01,9.6137127259045528e+01,0.0000000000000000e+00
-1,LCP,1.5104497562814015e+02,1.0125000000000000e+02,-9.4447696021838334e-02,4.7482063215088538e-01,-8.7500000000000000e-01,5.5745643830940359e+01,4.4254356169059633e+01,9.6137208045766869e+01,0.0000000000000000e+00
-1,LCP,1.5104497562814015e+02,1.2374999999999999e+02,-2.6896428251668653e-01,4.0253349516566200e-01,-8.7500000000000000e-01,5.5238636412183340e+01,4.4761363587816646e+01,9.6204407370498231e+01,0.0000000000000000e+00
-1,LCP,1.5104497562814015e+02,1.4625000000000000e+02,-4.0253349516566195e-01,2.6896428251668664e-01,-8.7500000000000000e-01,5.4425218506486097e+01,4.5574781493513896e+01,9.6341214781215285e+01,0.0000000000000000e+00
-1,LCP,1.5104497562814015e+02,1.6875000000000000e+02,-4.7482063215088538e-01,9.4447696021838543e-02,-8.7500000000000000e-01,5.3789355029485300e+01,4.6210644970514693e+01,9.6467866023117551e+01,0.0000000000000000e+00
-1,LCP,1.5104497562814015e+02,1.9125000000000000e+02,-4.7482063215088538e-01,-9.4447696021838418e-02,-8.7500000000000000e-01,5.3790383385989060e+01,4.6209616614010933e+01,9.6467826066567412e+01,0.0000000000000000e+00
-1,LCP,1.5104497562814015e+02,2.1375000000000000e+02,-4.0253349516566200e-01,-2.6896428251668653e-01,-8.7500000000000000e-01,5.4427642356997005e+01,4.5572357643002995e+01,9.6341102279071748e+01,0.0000000000000000e+00
-1,LCP,1.5104497562814015e+02,2.3625000000000000e+02,-2.6896428251668664e-01,-4.0253349516566195e-01,-8.7500000000000000e-01,5.5240962990196707e+01,4.4759037009803293e+01,9.6204243858842787e+01,0.0000000000000000e+00
-1,LCP,1.5104497562814015e+02,2.5875000000000000e+02,-9.4447696021838570e-02,-4.7482063215088532e-01,-8.7500000000000000e-01,5.5746540578246183e+01,4.4253459421753817e+01,9.6137017962269823e+01,0.0000000000000000e+00
-1,LCP,1.5104497562814015e+02,2.8125000000000000e+02,9.4447696021838390e-02,-4.7482063215088538e-01,-8.7500000000000000e-01,5.5744907175493267e+01,4.4255092824506725e+01,9.6136940563105981e+01,0.0000000000000000e+00
-1,LCP,1.5104497562814015e+02,3.0375000000000000e+02,2.6896428251668647e-01,-4.0253349516566200e-01,-8.7500000000000000e-01,5.5236526544922199e+01,4.4763473455077801e+01,9.6204059402018743e+01,0.0000000000000000e+00
-1,LCP,1.5104497562814015e+02,3.2625000000000000e+02,4.0253349516566195e-01,-2.6896428251668664e-01,-8.7500000000000000e-01,5.4421862890828919e+01,4.5578137109171088e+01,9.6340915328269915e+01,0.0000000000000000e+00
-1,LCP,1.5104497562814015e+02,3.4875000000000000e+02,4.7482063215088532e-01,-9.4447696021838598e-02,-8.7500000000000000e-01,5.3785267521520431e+01,4.6214732478479569e+01,9.6467687427392050e+01,0.0000000000000000e+00
-1,LCP,1.2868218745348943e+02,1.1250000000000000e+01,7.6562526412209819e-01,1.5229233381220247e-01,-6.2500000000000000e-01,4.7512603136023564e+01,5.2487396863976436e+01,9.6477549034809513e+01,0.0000000000000000e+00
-1,LCP,1.2868218745348943e+02,3.3750000000000000e+01,6.4906575806981093e-01,4.3369187414714344e-01,-6.2500000000000000e-01,4.9343720356278943e+01,5.0656279643721057e+01,9.6036429140414199e+01,0.0000000000000000e+00
-1,LCP,1.2868218745348943e+02,5.6250000000000000e+01,4.3369187414714350e-01,6.4906575806981093e-01,-6.2500000000000000e-01,5.1706851140449523e+01,4.8293148859550477e+01,9.5699803434760724e+01,0.0000000000000000e+00
-1,LCP,1.2868218745348943e+02,7.8750000000000000e+01,1.5229233381220256e-01,7.6562526412209819e-01,-6.2500000000000000e-01,5.3039400057372625e+01,4.6960599942627383e+01,9.5657615985712297e+01,0.0000000000000000e+00
-1,LCP,1.2868218745348943e+02,1.0125000000000000e+02,-1.5229233381220245e-01,7.6562526412209819e-01,-6.2500000000000000e-01,5.3038487310388973e+01,4.6961512689611027e+01,9.5657793251322929e+01,0.0000000000000000e+00
-1,LCP,1.2868218745348943e+02,1.2374999999999999e+02,-4.3369187414714322e-01,6.4906575806981104e-01,-6.2500000000000000e-01,5.1704934620806299e+01,4.8295065379193701e+01,9.5700201459720574e+01,0.0000000000000000e+00
-1,LCP,1.2868218745348943e+02,1.4625000000000000e+02,-6.4906575806981104e-01,4.3369187414714344e-01,-6.2500000000000000e-01,4.9343083978307746e+01,5.0656916021692247e+01,9.6036724975546505e+01,0.0000000000000000e+00
-1,LCP,1.2868218745348943e+02,1.6875000000000000e+02,-7.6562526412209819e-01,1.5229233381220278e-01,-6.2500000000000000e-01,4.7515280269277682e+01,5.2484719730722333e+01,9.6477635760302263e+01,0.0000000000000000e+00
-1,LCP,1.2868218745348943e+02,1.9125000000000000e+02,-7.6562526412209819e-01,-1.5229233381220258e-01,-6.2500000000000000e-01,4.7517148339810973e+01,5.2482851660189020e+01,9.6477576047900513e+01,0.0000000000000000e+00
-1,LCP,1.2868218745348943e+02,2.1375000000000000e+02,-6.4906575806981104e-01,-4.3369187414714322e-01,-6.2500000000000000e-01,4.9347490862356757e+01,5.0652509137643250e+01,9.6036545782810080e+01,0.0000000000000000e+00
-1,LCP,1.2868218745348943e+02,2.3625000000000000e+02,-4.3369187414714344e-01,-6.4906575806981093e-01,-6.2500000000000000e-01,5.1708971005729822e+01,4.8291028994270178e+01,9.5699951419624853e+01,0.0000000000000000e+00
-1,LCP,1.2868218745348943e+02,2.5875000000000000e+02,-1.5229233381220281e-01,-7.6562526412209819e-01,-6.2500000000000000e-01,5.3039962021921106e+01,4.6960037978078894e+01,9.5657520718023179e+01,0.0000000000000000e+00
-1,LCP,1.2868218745348943e+02,2.8125000000000000e+02,1.5229233381220253e-01,-7.6562526412209819e-01,-6.2500000000000000e-01,5.3037772613917447e+01,4.6962227386082553e+01,9.5657356810385338e+01,0.0000000000000000e+00
-1,LCP,1.2868218745348943e+02,3.0375000000000000e+02,4.3369187414714316e-01,-6.4906575806981104e-01,-6.2500000000000000e-01,5.1702668871213653e+01,4.8297331128786340e+01,9.5699564488661778e+01,0.0000000000000000e+00
-1,LCP,1.2868218745348943e+02,3.2625000000000000e+02,6.4906575806981093e-01,-4.3369187414714344e-01,-6.2500000000000000e-01,4.9339198571360122e+01,5.0660801428639871e+01,9.6036249752068088e+01,0.0000000000000000e+00
-1,LCP,1.2868218745348943e+02,3.4875000000000000e+02,7.6562526412209819e-01,-1.5229233381220286e-01,-6.2500000000000000e-01,4.7510693857501437e+01,5.2489306142498556e+01,9.6477480798477572e+01,0.0000000000000000e+00
-1,LCP,1.1202431283704216e+02,1.1250000000000000e+01,9.0921228908651663e-01,1.8085356887287701e-01,-3.7500000000000000e-01,4.3491157434294280e+01,5.6508842565705720e+01,9.6531524837142527e+01,0.0000000000000000e+00
-1,LCP,1.1202431283704216e+02,3.3750000000000000e+01,7.7079296010301923e-01,5.1502739019941979e-01,-3.7500000000000000e-01,4.6027900828459124e+01,5.3972099171540876e+01,9.5792666671932864e+01,0.0000000000000000e+00
-1,LCP,1.1202431283704216e+02,5.6250000000000000e+01,5.1502739019941990e-01,7.7079296010301923e-01,-3.7500000000000000e-01,4.9629092484958974e+01,5.0370907515041040e+01,9.5329525428612058e+01,0.0000000000000000e+00
-1,LCP,1.1202431283704216e+02,7.8750000000000000e+01,1.8085356887287707e-01,9.0921228908651663e-01,-3.7500000000000000e-01,5.1602892834310467e+01,4.8397107165689533e+01,9.5390582041924830e+01,0.0000000000000000e+00
-1,LCP,1.1202431283704216e+02,1.0125000000000000e+02,-1.8085356887287696e-01,9.0921228908651663e-01,-3.7500000000000000e-01,5.1602121937365347e+01,4.8397878062634653e+01,9.5390738212719754e+01,0.0000000000000000e+00
-1,LCP,1.1202431283704216e+02,1.2374999999999999e+02,-5.1502739019941968e-01,7.7079296010301934e-01,-3.7500000000000000e-01,4.9627346643688540e+01,5.0372653356311460e+01,9.5329932248696608e+01,0.0000000000000000e+00
-1,LCP,1.1202431283704216e+02,1.4625000000000000e+02,-7.7079296010301923e-01,5.1502739019941979e-01,-3.7500000000000000e-01,4.6027022627425239e+01,5.3972977372574782e+01,9.5792942344982976e+01,0.0000000000000000e+00
-1,LCP,1.1202431283704216e+02,1.6875000000000000e+02,-9.0921228908651663e-01,1.8085356887287735e-01,-3.7500000000000000e-01,4.3492815107371761e+01,5.6507184892628239e+01,9.6531554411005402e+01,0.0000000000000000e+00
-1,LCP,1.1202431283704216e+02,1.9125000000000000e+02,-9.0921228908651663e-01,-1.8085356887287710e-01,-3.7500000000000000e-01,4.3494376752245238e+01,5.6505623247754762e+01,9.6531483910653876e+01,0.0000000000000000e+00
-1,LCP,1.1202431283704216e+02,2.1375000000000000e+02,-7.7079296010301934e-01,-5.1502739019941968e-01,-3.7500000000000000e-01,4.6030766852661593e+01,5.3969233147338400e+01,9.5792714213978940e+01,0.0000000000000000e+00
-1,LCP,1.1202431283704216e+02,2.3625000000000000e+02,-5.1502739019941979e-01,-7.7079296010301923e-01,-3.7500000000000000e-01,4.9630648495624627e+01,5.0369351504375373e+01,9.5329629985224713e+01,0.0000000000000000e+00
-1,LCP,1.1202431283704216e+02,2.5875000000000000e+02,-1.8085356887287740e-01,-9.0921228908651652e-01,-3.7500000000000000e-01,5.1603256717640754e+01,4.8396743282359246e+01,9.5390451523447112e+01,0.0000000000000000e+00
-1,LCP,1.1202431283704216e+02,2.8125000000000000e+02,1.8085356887287704e-01,-9.0921228908651663e-01,-3.7500000000000000e-01,5.1601609624513387e+01,4.8398390375486613e+01,9.5390298897087618e+01,0.0000000000000000e+00
-1,LCP,1.1202431283704216e+02,3.0375000000000000e+02,5.1502739019941957e-01,-7.7079296010301934e-01,-3.7500000000000000e-01,4.9625636224093327e+01,5.0374363775906680e+01,9.5329253461073066e+01,0.0000000000000000e+00
-1,LCP,1.1202431283704216e+02,3.2625000000000000e+02,7.7079296010301923e-01,-5.1502739019941979e-01,-3.7500000000000000e-01,4.6024027797319960e+01,5.3975972202680055e+01,9.5792464380251630e+01,0.0000000000000000e+00
-1,LCP,1.1202431283704216e+02,3.4875000000000000e+02,9.0921228908651652e-01,-1.8085356887287743e-01,-3.7500000000000000e-01,4.3489550753459028e+01,5.6510449246540965e+01,9.6531444788198812e+01,0.0000000000000000e+00
-1,LCP,9.7180755781458288e+01,1.1250000000000000e+01,9.7309272806238722e-01,1.9356017821881918e-01,-1.2500000000000000e-01,4.1511070252471896e+01,5.8488929747528104e+01,9.6572389915464157e+01,0.0000000000000000e+00
-1,LCP,9.7180755781458288e+01,3.3750000000000000e+01,8.2494818132243475e-01,5.5121275215002719e-01,-1.2500000000000000e-01,4.4322592725474316e+01,5.5677407274525677e+01,9.5653718389298191e+01,0.0000000000000000e+00
-1,LCP,9.7180755781458288e+01,5.6250000000000000e+01,5.5121275215002730e-01,8.2494818132243475e-01,-1.2500000000000000e-01,4.8627208112218540e+01,5.1372791887781460e+01,9.5128792696555763e+01,0.0000000000000000e+00
-1,LCP,9.7180755781458288e+01,7.8750000000000000e+01,1.9356017821881927e-01,9.7309272806238722e-01,-1.2500000000000000e-01,5.0966061615599592e+01,4.9033938384400400e+01,9.5268617049777305e+01,0.0000000000000000e+00
-1,LCP,9.7180755781458288e+01,1.0125000000000000e+02,-1.9356017821881913e-01,9.7309272806238722e-01,-1.2500000000000000e-01,5.0965772397126408e+01,4.9034227602873585e+01,9.5268683886028285e+01,0.0000000000000000e+00
-1,LCP,9.7180755781458288e+01,1.2374999999999999e+02,-5.5121275215002696e-01,8.2494818132243497e-01,-1.2500000000000000e-01,4.8626543259005160e+01,5.1373456740994840e+01,9.5128957310789943e+01,0.0000000000000000e+00
-1,LCP,9.7180755781458288e+01,1.4625000000000000e+02,-8.2494818132243486e-01,5.5121275215002719e-01,-1.2500000000000000e-01,4.4322228197032416e+01,5.5677771802967591e+01,9.5653821336297398e+01,0.0000000000000000e+00
-1,LCP,9.7180755781458288e+01,1.6875000000000000e+02,-9.7309272806238722e-01,1.9356017821881955e-01,-1.2500000000000000e-01,4.1511627987809661e+01,5.8488372012190354e+01,9.6572397552702000e+01,0.0000000000000000e+00
-1,LCP,9.7180755781458288e+01,1.9125000000000000e+02,-9.7309272806238722e-01,-1.9356017821881930e-01,-1.2500000000000000e-01,4.1512204864966122e+01,5.8487795135033878e+01,9.6572316011134617e+01,0.0000000000000000e+00
-1,LCP,9.7180755781458288e+01,2.1375000000000000e+02,-8.2494818132243497e-01,-5.5121275215002696e-01,-1.2500000000000000e-01,4.4323631768954975e+01,5.5676368231045025e+01,9.5653591290910910e+01,0.0000000000000000e+00
-1,LCP,9.7180755781458288e+01,2.3625000000000000e+02,-5.5121275215002719e-01,-8.2494818132243475e-01,-1.2500000000000000e-01,4.8627740914624745e+01,5.1372259085375248e+01,9.5128661312523917e+01,0.0000000000000000e+00
-1,LCP,9.7180755781458288e+01,2.5875000000000000e+02,-1.9356017821881960e-01,-9.7309272806238711e-01,-1.2500000000000000e-01,5.0966149515496376e+01,4.9033850484503617e+01,9.5268372748750238e+01,0.0000000000000000e+00
-1,LCP,9.7180755781458288e+01,2.8125000000000000e+02,1.9356017821881924e-01,-9.7309272806238722e-01,-1.2500000000000000e-01,5.0965549621824778e+01,4.9034450378175222e+01,9.5268311956860259e+01,0.0000000000000000e+00
-1,LCP,9.7180755781458288e+01,3.0375000000000000e+02,5.5121275215002685e-01,-8.2494818132243497e-01,-1.2500000000000000e-01,4.8625851729833606e+01,5.1374148270166401e+01,9.5128494550681566e+01,0.0000000000000000e+00
-1,LCP,9.7180755781458288e+01,3.2625000000000000e+02,8.2494818132243475e-01,-5.5121275215002719e-01,-1.2500000000000000e-01,4.4321055838963098e+01,5.5678944161036902e+01,9.5653484765922840e+01,0.0000000000000000e+00
-1,LCP,9.7180755781458288e+01,3.4875000000000000e+02,9.7309272806238711e-01,-1.9356017821881966e-01,-1.2500000000000000e-01,4.1510442396287807e+01,5.8489557603712200e+01,9.6572308193698206e+01,0.0000000000000000e+00
-1,LCP,8.2819244218541726e+01,1.1250000000000000e+01,9.7309272806238722e-01,1.9356017821881918e-01,1.2500000000000000e-01,4.1511626666905102e+01,5.8488373333094884e+01,9.6572396648022220e+01,0.0000000000000000e+00
-1,LCP,8.2819244218541726e+01,3.3750000000000000e+01,8.2494818132243475e-01,5.5121275215002719e-01,1.2500000000000000e-01,4.4322230221579673e+01,5.5677769778420320e+01,9.5653822768053899e+01,0.0000000000000000e+00
-1,LCP,8.2819244218541726e+01,5.6250000000000000e+01,5.5121275215002730e-01,8.2494818132243475e-01,1.2500000000000000e-01,4.8626539688954551e+01,5.1373460311045449e+01,9.5128959293581403e+01,0.0000000000000000e+00
-1,LCP,8.2819244218541726e+01,7.8750000000000000e+01,1.9356017821881927e-01,9.7309272806238722e-01,1.2500000000000000e-01,5.0965773360943977e+01,4.9034226639056023e+01,9.5268679991194645e+01,0.0000000000000000e+00
-1,LCP,8.2819244218541726e+01,1.0125000000000000e+02,-1.9356017821881913e-01,9.7309272806238722e-01,1.2500000000000000e-01,5.0966063837744485e+01,4.9033936162255522e+01,9.5268609180115249e+01,0.0000000000000000e+00
-1,LCP,8.2819244218541726e+01,1.2374999999999999e+02,-5.5121275215002696e-01,8.2494818132243497e-01,1.2500000000000000e-01,4.8627208979687133e+01,5.1372791020312881e+01,9.5128800794995712e+01,0.0000000000000000e+00
-1,LCP,8.2819244218541726e+01,1.4625000000000000e+02,-8.2494818132243486e-01,5.5121275215002719e-01,1.2500000000000000e-01,4.4322590476094987e+01,5.5677409523905020e+01,9.5653716544981350e+01,0.0000000000000000e+00
-1,LCP,8.2819244218541726e+01,1.6875000000000000e+02,-9.7309272806238722e-01,1.9356017821881955e-01,1.2500000000000000e-01,4.1511071181969072e+01,5.8488928818030928e+01,9.6572390103313566e+01,0.0000000000000000e+00
-1,LCP,8.2819244218541726e+01,1.9125000000000000e+02,-9.7309272806238722e-01,-1.9356017821881930e-01,1.2500000000000000e-01,4.1510444452866963e+01,5.8489555547133030e+01,9.6572309162366111e+01,0.0000000000000000e+00
-1,LCP,8.2819244218541726e+01,2.1375000000000000e+02,-8.2494818132243497e-01,-5.5121275215002696e-01,1.2500000000000000e-01,4.4321054395254237e+01,5.5678945604745763e+01,9.5653482366230236e+01,0.0000000000000000e+00
-1,LCP,8.2819244218541726e+01,2.3625000000000000e+02,-5.5121275215002719e-01,-8.2494818132243475e-01,1.2500000000000000e-01,4.8625853171700570e+01,5.1374146828299430e+01,9.5128499228166604e+01,0.0000000000000000e+00
-1,LCP,8.2819244218541726e+01,2.5875000000000000e+02,-1.9356017821881960e-01,-9.7309272806238711e-01,1.2500000000000000e-01,5.0965547517265961e+01,4.9034452482734039e+01,9.5268317554213283e+01,0.0000000000000000e+00
-1,LCP,8.2819244218541726e+01,2.8125000000000000e+02,1.9356017821881924e-01,-9.7309272806238722e-01,1.2500000000000000e-01,5.0966146711759521e+01,4.9033853288240493e+01,9.5268381772380366e+01,0.0000000000000000e+00
-1,LCP,8.2819244218541726e+01,3.0375000000000000e+02,5.5121275215002685e-01,-8.2494818132243497e-01,1.2500000000000000e-01,4.8627740125130117e+01,5.1372259874869876e+01,9.5128651579591434e+01,0.0000000000000000e+00
-1,LCP,8.2819244218541726e+01,3.2625000000000000e+02,8.2494818132243475e-01,-5.5121275215002719e-01,1.2500000000000000e-01,4.4323632464280777e+01,5.5676367535719223e+01,9.5653596337657632e+01,0.0000000000000000e+00
-1,LCP,8.2819244218541726e+01,3.4875000000000000e+02,9.7309272806238711e-01,-1.9356017821881966e-01,1.2500000000000000e-01,4.1512204266481213e+01,5.8487795733518787e+01,9.6572316274625607e+01,0.0000000000000000e+00
-1,LCP,6.7975687162957840e+01,1.1250000000000000e+01,9.0921228908651663e-01,1.8085356887287701e-01,3.7500000000000000e-01,4.3492815497734320e+01,5.6507184502265673e+01,9.6531552184000631e+01,0.0000000000000000e+00
-1,LCP,6.7975687162957840e+01,3.3750000000000000e+01,7.7079296010301923e-01,5.1502739019941979e-01,3.7500000000000000e-01,4.6027024304955887e+01,5.3972975695044106e+01,9.5792945527768097e+01,0.0000000000000000e+00
-1,LCP,6.7975687162957840e+01,5.6250000000000000e+01,5.1502739019941990e-01,7.7079296010301923e-01,3.7500000000000000e-01,4.9627348808631240e+01,5.0372651191368774e+01,9.5329924969381338e+01,0.0000000000000000e+00
-1,LCP,6.7975687162957840e+01,7.8750000000000000e+01,1.8085356887287707e-01,9.0921228908651663e-01,3.7500000000000000e-01,5.1602118155474564e+01,4.8397881844525436e+01,9.5390748379882609e+01,0.0000000000000000e+00
-1,LCP,6.7975687162957840e+01,1.0125000000000000e+02,-1.8085356887287696e-01,9.0921228908651663e-01,3.7500000000000000e-01,5.1602891700318807e+01,4.8397108299681193e+01,9.5390584603410517e+01,0.0000000000000000e+00
-1,LCP,6.7975687162957840e+01,1.2374999999999999e+02,-5.1502739019941968e-01,7.7079296010301934e-01,3.7500000000000000e-01,4.9629092699811359e+01,5.0370907300188641e+01,9.5329522681347342e+01,0.0000000000000000e+00
-1,LCP,6.7975687162957840e+01,1.4625000000000000e+02,-7.7079296010301923e-01,5.1502739019941979e-01,3.7500000000000000e-01,4.6027899365046750e+01,5.3972100634953257e+01,9.5792663878189373e+01,0.0000000000000000e+00
-1,LCP,6.7975687162957840e+01,1.6875000000000000e+02,-9.0921228908651663e-01,1.8085356887287735e-01,3.7500000000000000e-01,4.3491159984745074e+01,5.6508840015254926e+01,9.6531524027038515e+01,0.0000000000000000e+00
-1,LCP,6.7975687162957840e+01,1.9125000000000000e+02,-9.0921228908651663e-01,-1.8085356887287710e-01,3.7500000000000000e-01,4.3489550922672272e+01,5.6510449077327728e+01,9.6531443979131879e+01,0.0000000000000000e+00
-1,LCP,6.7975687162957840e+01,2.1375000000000000e+02,-7.7079296010301934e-01,-5.1502739019941968e-01,3.7500000000000000e-01,4.6024026739081911e+01,5.3975973260918089e+01,9.5792460972051344e+01,0.0000000000000000e+00
-1,LCP,6.7975687162957840e+01,2.3625000000000000e+02,-5.1502739019941979e-01,-7.7079296010301923e-01,3.7500000000000000e-01,4.9625635901704065e+01,5.0374364098295935e+01,9.5329255023174881e+01,0.0000000000000000e+00
-1,LCP,6.7975687162957840e+01,2.5875000000000000e+02,-1.8085356887287740e-01,-9.0921228908651652e-01,3.7500000000000000e-01,5.1601612842036147e+01,4.8398387157963839e+01,9.5390288444220573e+01,0.0000000000000000e+00
-1,LCP,6.7975687162957840e+01,2.8125000000000000e+02,1.8085356887287704e-01,-9.0921228908651663e-01,3.7500000000000000e-01,5.1603257504939819e+01,4.8396742495060174e+01,9.5390449445304867e+01,0.0000000000000000e+00
-1,LCP,6.7975687162957840e+01,3.0375000000000000e+02,5.1502739019941957e-01,-7.7079296010301934e-01,3.7500000000000000e-01,4.9630648265030828e+01,5.0369351734969172e+01,9.5329629113208711e+01,0.0000000000000000e+00
-1,LCP,6.7975687162957840e+01,3.2625000000000000e+02,7.7079296010301923e-01,-5.1502739019941979e-01,3.7500000000000000e-01,4.6030768241538162e+01,5.3969231758461831e+01,9.5792717132185075e+01,0.0000000000000000e+00
-1,LCP,6.7975687162957840e+01,3.4875000000000000e+02,9.0921228908651652e-01,-1.8085356887287743e-01,3.7500000000000000e-01,4.3494375303096653e+01,5.6505624696903340e+01,9.6531482790160496e+01,0.0000000000000000e+00
-1,LCP,5.1317812546510567e+01,1.1250000000000000e+01,7.6562526412209819e-01,1.5229233381220247e-01,6.2500000000000000e-01,4.7515284529392993e+01,5.2484715470606993e+01,9.6477636019909099e+01,0.0000000000000000e+00
-1,LCP,5.1317812546510567e+01,3.3750000000000000e+01,6.4906575806981093e-01,4.3369187414714344e-01,6.2500000000000000e-01,4.9343079403178848e+01,5.0656920596821152e+01,9.6036724104225200e+01,0.0000000000000000e+00
-1,LCP,5.1317812546510567e+01,5.6250000000000000e+01,4.3369187414714350e-01,6.4906575806981093e-01,6.2500000000000000e-01,5.1704935296953337e+01,4.8295064703046677e+01,9.5700206278045727e+01,0.0000000000000000e+00
-1,LCP,5.1317812546510567e+01,7.8750000000000000e+01,1.5229233381220256e-01,7.6562526412209819e-01,6.2500000000000000e-01,5.3038485432598478e+01,4.6961514567401522e+01,9.5657792840409812e+01,0.0000000000000000e+00
-1,LCP,5.1317812546510567e+01,1.0125000000000000e+02,-1.5229233381220245e-01,7.6562526412209819e-01,6.2500000000000000e-01,5.3039398240017739e+01,4.6960601759982261e+01,9.5657613716656485e+01,0.0000000000000000e+00
-1,LCP,5.1317812546510567e+01,1.2374999999999999e+02,-4.3369187414714322e-01,6.4906575806981104e-01,6.2500000000000000e-01,5.1706853204172113e+01,4.8293146795827894e+01,9.5699804579891449e+01,0.0000000000000000e+00
-1,LCP,5.1317812546510567e+01,1.4625000000000000e+02,-6.4906575806981104e-01,4.3369187414714344e-01,6.2500000000000000e-01,4.9343723912450407e+01,5.0656276087549593e+01,9.6036427878473688e+01,0.0000000000000000e+00
-1,LCP,5.1317812546510567e+01,1.6875000000000000e+02,-7.6562526412209819e-01,1.5229233381220278e-01,6.2500000000000000e-01,4.7512601992603365e+01,5.2487398007396628e+01,9.6477547595668668e+01,0.0000000000000000e+00
-1,LCP,5.1317812546510567e+01,1.9125000000000000e+02,-7.6562526412209819e-01,-1.5229233381220258e-01,6.2500000000000000e-01,4.7510693445139623e+01,5.2489306554860384e+01,9.6477480251594969e+01,0.0000000000000000e+00
-1,LCP,5.1317812546510567e+01,2.1375000000000000e+02,-6.4906575806981104e-01,-4.3369187414714322e-01,6.2500000000000000e-01,4.9339204930723078e+01,5.0660795069276915e+01,9.6036247992810829e+01,0.0000000000000000e+00
-1,LCP,5.1317812546510567e+01,2.3625000000000000e+02,-4.3369187414714344e-01,-6.4906575806981093e-01,6.2500000000000000e-01,5.1702667439987536e+01,4.8297332560012464e+01,9.5699561559990713e+01,0.0000000000000000e+00
-1,LCP,5.1317812546510567e+01,2.5875000000000000e+02,-1.5229233381220281e-01,-7.6562526412209819e-01,6.2500000000000000e-01,5.3037774126378757e+01,4.6962225873621250e+01,9.5657356231252251e+01,0.0000000000000000e+00
-1,LCP,5.1317812546510567e+01,2.8125000000000000e+02,1.5229233381220253e-01,-7.6562526412209819e-01,6.2500000000000000e-01,5.3039965187999236e+01,4.6960034812000778e+01,9.5657524928120310e+01,0.0000000000000000e+00
-1,LCP,5.1317812546510567e+01,3.0375000000000000e+02,4.3369187414714316e-01,-6.4906575806981104e-01,6.2500000000000000e-01,5.1708968769409218e+01,4.8291031230590796e+01,9.5699955054406388e+01,0.0000000000000000e+00
-1,LCP,5.1317812546510567e+01,3.2625000000000000e+02,6.4906575806981093e-01,-4.3369187414714344e-01,6.2500000000000000e-01,4.9347487118537934e+01,5.0652512881462059e+01,9.6036544554559271e+01,0.0000000000000000e+00
-1,LCP,5.1317812546510567e+01,3.4875000000000000e+02,7.6562526412209819e-01,-1.5229233381220286e-01,6.2500000000000000e-01,4.7517150325798006e+01,5.2482849674202001e+01,9.6477574808027782e+01,0.0000000000000000e+00
-1,LCP,2.8955024371859849e+01,1.1250000000000000e+01,4.7482063215088538e-01,9.4447696021838362e-02,8.7500000000000000e-01,5.3789357747572815e+01,4.6210642252427185e+01,9.6467863440221166e+01,0.0000000000000000e+00
-1,LCP,2.8955024371859849e+01,3.3750000000000000e+01,4.0253349516566195e-01,2.6896428251668664e-01,8.7500000000000000e-01,5.4425218358588445e+01,4.5574781641411555e+01,9.6341213485025008e+01,0.0000000000000000e+00
-1,LCP,2.8955024371859849e+01,5.6250000000000000e+01,2.6896428251668669e-01,4.0253349516566195e-01,8.7500000000000000e-01,5.5238632562903042e+01,4.4761367437096972e+01,9.6204409549230462e+01,0.0000000000000000e+00
-1,LCP,2.8955024371859849e+01,7.8750000000000000e+01,9.4447696021838404e-02,4.7482063215088538e-01,8.7500000000000000e-01,5.5745643941410655e+01,4.4254356058589345e+01,9.6137209340627905e+01,0.0000000000000000e+00
-1,LCP,2.8955024371859849e+01,1.0125000000000000e+02,-9.4447696021838334e-02,4.7482063215088538e-01,8.7500000000000000e-01,5.5745933728539015e+01,4.4254066271460992e+01,9.6137128642457697e+01,0.0000000000000000e+00
-1,LCP,2.8955024371859849e+01,1.2374999999999999e+02,-2.6896428251668653e-01,4.0253349516566200e-01,8.7500000000000000e-01,5.5238972204134342e+01,4.4761027795865658e+01,9.6204224473536513e+01,0.0000000000000000e+00
-1,LCP,2.8955024371859849e+01,1.4625000000000000e+02,-4.0253349516566195e-01,2.6896428251668664e-01,8.7500000000000000e-01,5.4424369531186329e+01,4.5575630468813657e+01,9.6341032682001810e+01,0.0000000000000000e+00
-1,LCP,2.8955024371859849e+01,1.6875000000000000e+02,-4.7482063215088538e-01,9.4447696021838543e-02,8.7500000000000000e-01,5.3786326253482542e+01,4.6213673746517465e+01,9.6467729427252650e+01,0.0000000000000000e+00
-1,LCP,2.8955024371859849e+01,1.9125000000000000e+02,-4.7482063215088538e-01,-9.4447696021838418e-02,8.7500000000000000e-01,5.3785268607804646e+01,4.6214731392195354e+01,9.6467685330722716e+01,0.0000000000000000e+00
-1,LCP,2.8955024371859849e+01,2.1375000000000000e+02,-4.0253349516566200e-01,-2.6896428251668653e-01,8.7500000000000000e-01,5.4421863772863098e+01,4.5578136227136895e+01,9.6340918001083068e+01,0.0000000000000000e+00
-1,LCP,2.8955024371859849e+01,2.3625000000000000e+02,-2.6896428251668664e-01,-4.0253349516566195e-01,8.7500000000000000e-01,5.5236531076068509e+01,4.4763468923931491e+01,9.6204057457558747e+01,0.0000000000000000e+00
-1,LCP,2.8955024371859849e+01,2.5875000000000000e+02,-9.4447696021838570e-02,-4.7482063215088532e-01,8.7500000000000000e-01,5.5744910166748518e+01,4.4255089833251475e+01,9.6136938351038367e+01,0.0000000000000000e+00
-1,LCP,2.8955024371859849e+01,2.8125000000000000e+02,9.4447696021838390e-02,-4.7482063215088538e-01,8.7500000000000000e-01,5.5746540557423792e+01,4.4253459442576194e+01,9.6137016680500267e+01,0.0000000000000000e+00
-1,LCP,2.8955024371859849e+01,3.0375000000000000e+02,2.6896428251668647e-01,-4.0253349516566200e-01,8.7500000000000000e-01,5.5240966067351643e+01,4.4759033932648357e+01,9.6204241735832952e+01,0.0000000000000000e+00
-1,LCP,2.8955024371859849e+01,3.2625000000000000e+02,4.0253349516566195e-01,-2.6896428251668664e-01,8.7500000000000000e-01,5.4427643636098658e+01,4.5572356363901356e+01,9.6341101604870673e+01,0.0000000000000000e+00
-1,LCP,2.8955024371859849e+01,3.4875000000000000e+02,4.7482063215088532e-01,-9.4447696021838598e-02,8.7500000000000000e-01,5.3790384716135840e+01,4.6209615283864153e+01,9.6467826869377873e+01,0.0000000000000000e+00
